2025-10-04 11:36:43,419 [INFO] Activator:176 - 


2025-10-04 11:36:43,421 [INFO] Activator:177 - !SESSION log4j initialized
2025-10-04 11:36:45,908 [INFO] LogOutputStream:77 - [STDOUT_REDIRECT] 
2025-10-04 11:36:47,950 [INFO] ApplicationProperties:184 - Using Application install path: C:\ST\STM32CubeIDE_1.18.0\STM32CubeIDE\plugins\com.st.stm32cube.common.mx_6.14.0.202502271554
2025-10-04 11:36:47,963 [INFO] DbMcusXml:78 - Set database path to: C:\ST\STM32CubeIDE_1.18.0\STM32CubeIDE\plugins\com.st.stm32cube.common.mx_6.14.0.202502271554\\db\/mcu/
2025-10-04 11:36:47,964 [INFO] ApiDb:274 - Set plugin database path to: C:\ST\STM32CubeIDE_1.18.0\STM32CubeIDE\plugins\com.st.stm32cube.common.mx_6.14.0.202502271554\\db\/plugins/boardmanager/
2025-10-04 11:36:47,964 [WARN] ApiDb:259 - Overriding images path with different value:  => C:\ST\STM32CubeIDE_1.18.0\STM32CubeIDE\plugins\com.st.stm32cube.common.mx_6.14.0.202502271554\\db\/plugins/mcufinder/images/
2025-10-04 11:36:47,969 [INFO] ApiDb:250 - Set database path to: C:\Users\2939K\.stmcufinder\plugins\mcufinder//mcu/
2025-10-04 11:36:47,971 [INFO] DbMcusAds:125 - Set database path to: C:\Users\2939K\.stmcufinder\plugins\mcufinder//mcu/
2025-10-04 11:36:47,972 [INFO] CrossReferenceDbSqlite:203 - Set database path to: C:\Users\2939K\.stmcufinder\plugins\mcufinder//mcu/cs/
2025-10-04 11:36:48,074 [INFO] RulesReader:64 - Compatibility file has been processed (301 Rules)
2025-10-04 11:36:48,147 [INFO] DbMcusXml:78 - Set database path to: C:\ST\STM32CubeIDE_1.18.0\STM32CubeIDE\plugins\com.st.stm32cube.common.mx_6.14.0.202502271554\\db\/mcu/
2025-10-04 11:36:48,147 [INFO] ApiDb:274 - Set plugin database path to: C:\ST\STM32CubeIDE_1.18.0\STM32CubeIDE\plugins\com.st.stm32cube.common.mx_6.14.0.202502271554\\db\/plugins/boardmanager/
2025-10-04 11:36:48,147 [INFO] ApiDb:261 - Set plugin images path to: C:\ST\STM32CubeIDE_1.18.0\STM32CubeIDE\plugins\com.st.stm32cube.common.mx_6.14.0.202502271554\\db\/plugins/mcufinder/images/
2025-10-04 11:36:48,147 [WARN] DbFile:41 - Overriding database path with different value: C:\Users\2939K\.stmcufinder\plugins\mcufinder/ => C:\Users\2939K\.stmcufinder\plugins\mcufinder
2025-10-04 11:36:48,147 [INFO] ApiDb:250 - Set database path to: C:\Users\2939K\.stmcufinder\plugins\mcufinder//mcu/
2025-10-04 11:36:48,147 [WARN] DbFile:41 - Overriding database path with different value: C:\Users\2939K\.stmcufinder\plugins\mcufinder/ => C:\Users\2939K\.stmcufinder\plugins\mcufinder
2025-10-04 11:36:48,148 [INFO] DbMcusAds:125 - Set database path to: C:\Users\2939K\.stmcufinder\plugins\mcufinder//mcu/
2025-10-04 11:36:48,148 [WARN] DbFile:41 - Overriding database path with different value: C:\Users\2939K\.stmcufinder\plugins\mcufinder/ => C:\Users\2939K\.stmcufinder\plugins\mcufinder
2025-10-04 11:36:48,148 [WARN] DbFile:41 - Overriding database path with different value: C:\Users\2939K\.stmcufinder\plugins\mcufinder/ => C:\Users\2939K\.stmcufinder\plugins\mcufinder
2025-10-04 11:36:48,148 [INFO] CrossReferenceDbSqlite:203 - Set database path to: C:\Users\2939K\.stmcufinder\plugins\mcufinder//mcu/cs/
2025-10-04 11:36:48,220 [INFO] MainPanel:272 - HeapMemory: 268435456
2025-10-04 11:36:48,302 [INFO] DbMcusXml:78 - Set database path to: C:\ST\STM32CubeIDE_1.18.0\STM32CubeIDE\plugins\com.st.stm32cube.common.mx_6.14.0.202502271554\\db\/mcu/
2025-10-04 11:36:48,302 [INFO] ApiDb:274 - Set plugin database path to: C:\ST\STM32CubeIDE_1.18.0\STM32CubeIDE\plugins\com.st.stm32cube.common.mx_6.14.0.202502271554\\db\/plugins/boardmanager/
2025-10-04 11:36:48,302 [INFO] ApiDb:261 - Set plugin images path to: C:\ST\STM32CubeIDE_1.18.0\STM32CubeIDE\plugins\com.st.stm32cube.common.mx_6.14.0.202502271554\\db\/plugins/mcufinder/images/
2025-10-04 11:36:48,302 [WARN] DbFile:41 - Overriding database path with different value: C:\Users\2939K\.stmcufinder\plugins\mcufinder/ => C:\Users\2939K\.stmcufinder\plugins\mcufinder
2025-10-04 11:36:48,303 [INFO] ApiDb:250 - Set database path to: C:\Users\2939K\.stmcufinder\plugins\mcufinder//mcu/
2025-10-04 11:36:48,303 [WARN] DbFile:41 - Overriding database path with different value: C:\Users\2939K\.stmcufinder\plugins\mcufinder/ => C:\Users\2939K\.stmcufinder\plugins\mcufinder
2025-10-04 11:36:48,303 [INFO] DbMcusAds:125 - Set database path to: C:\Users\2939K\.stmcufinder\plugins\mcufinder//mcu/
2025-10-04 11:36:48,303 [WARN] DbFile:41 - Overriding database path with different value: C:\Users\2939K\.stmcufinder\plugins\mcufinder/ => C:\Users\2939K\.stmcufinder\plugins\mcufinder
2025-10-04 11:36:48,303 [WARN] DbFile:41 - Overriding database path with different value: C:\Users\2939K\.stmcufinder\plugins\mcufinder/ => C:\Users\2939K\.stmcufinder\plugins\mcufinder
2025-10-04 11:36:48,303 [INFO] CrossReferenceDbSqlite:203 - Set database path to: C:\Users\2939K\.stmcufinder\plugins\mcufinder//mcu/cs/
2025-10-04 11:36:48,320 [INFO] ApplicationProperties:184 - Using Application install path: C:\ST\STM32CubeIDE_1.18.0\STM32CubeIDE\plugins\com.st.stm32cube.common.mx_6.14.0.202502271554
2025-10-04 11:36:48,322 [INFO] PluginManage:196 - Search for loadable plugins [exclusion list=, ]
2025-10-04 11:36:48,324 [INFO] PluginManage:310 - Check plugin analytics
2025-10-04 11:36:48,498 [INFO] AnalyticsPlugin:253 - Accepted Software Licenses: STM32CubeMX.6.14.1,STM32CubeMX.6.15.0
2025-10-04 11:36:48,498 [INFO] AnalyticsPlugin:255 - Accepted CMSIS Pack Licenses: 
2025-10-04 11:36:48,498 [INFO] AnalyticsPlugin:257 - Accepted Firmware Licenses: FW.F7.1.17.0
2025-10-04 11:36:48,501 [INFO] PluginManage:359 - Loaded plugin analytics (category:tool,tabindex:-1)
2025-10-04 11:36:48,502 [INFO] PluginManage:310 - Check plugin cadmodel
2025-10-04 11:36:48,506 [INFO] CADModel:105 - Init CAD model plugin
2025-10-04 11:36:48,507 [INFO] PluginManage:359 - Loaded plugin cadmodel (category:power,tabindex:5)
2025-10-04 11:36:48,507 [INFO] PluginManage:310 - Check plugin clock
2025-10-04 11:36:48,514 [INFO] PluginManage:359 - Loaded plugin clock (category:base,tabindex:2)
2025-10-04 11:36:48,515 [INFO] PluginManage:310 - Check plugin ddr
2025-10-04 11:36:48,517 [INFO] PluginManage:359 - Loaded plugin ddr (category:tool,tabindex:6)
2025-10-04 11:36:48,517 [INFO] PluginManage:310 - Check plugin filemanager
2025-10-04 11:36:48,695 [INFO] PluginManage:359 - Loaded plugin filemanager (category:base,tabindex:10)
2025-10-04 11:36:48,695 [INFO] PluginManage:310 - Check plugin ipmanager
2025-10-04 11:36:48,704 [INFO] PluginManage:359 - Loaded plugin ipmanager (category:base,tabindex:5)
2025-10-04 11:36:48,704 [INFO] PluginManage:310 - Check plugin lpbam
2025-10-04 11:36:48,711 [INFO] PluginManage:359 - Loaded plugin lpbam (category:base,tabindex:0)
2025-10-04 11:36:48,711 [INFO] PluginManage:310 - Check plugin memorymap
2025-10-04 11:36:48,721 [INFO] PluginManage:359 - Loaded plugin memorymap (category:base,tabindex:4)
2025-10-04 11:36:48,722 [INFO] PluginManage:310 - Check plugin pinoutandconfiguration
2025-10-04 11:36:48,729 [INFO] PluginManage:359 - Loaded plugin pinoutandconfiguration (category:base,tabindex:1)
2025-10-04 11:36:48,729 [INFO] PluginManage:310 - Check plugin pinoutconfig
2025-10-04 11:36:48,800 [WARN] SupportedApi:132 - Cannot load RTOS API schema: s4s-elt-must-match.1: The content of 'definitions' must match (annotation?, (simpleType | complexType)?, (unique | key | keyref)*)). A problem was found starting at: attribute.
2025-10-04 11:36:48,908 [INFO] PluginManage:359 - Loaded plugin pinoutconfig (category:base,tabindex:0)
2025-10-04 11:36:48,908 [INFO] PluginManage:310 - Check plugin power
2025-10-04 11:36:48,915 [INFO] PluginManage:359 - Loaded plugin power (category:power,tabindex:4)
2025-10-04 11:36:48,915 [INFO] PluginManage:310 - Check plugin projectmanager
2025-10-04 11:36:48,930 [INFO] PluginManage:359 - Loaded plugin projectmanager (category:projectmanager,tabindex:4)
2025-10-04 11:36:48,930 [INFO] PluginManage:310 - Check plugin rif
2025-10-04 11:36:48,937 [INFO] PluginManage:359 - Loaded plugin rif (category:base,tabindex:3)
2025-10-04 11:36:48,937 [INFO] PluginManage:310 - Check plugin thirdparty
2025-10-04 11:36:49,042 [INFO] PluginManage:359 - Loaded plugin thirdparty (category:base,tabindex:-1)
2025-10-04 11:36:49,041 [WARN] IntegrityCheckThread:84 - waiting for thirdparty lock release [integrity check]
2025-10-04 11:36:49,042 [INFO] IntegrityCheckThread:86 - entering critical section [integrity check]
2025-10-04 11:36:49,042 [INFO] PluginManage:310 - Check plugin tools
2025-10-04 11:36:49,042 [INFO] ThirdPartyUpdaterWithRetryManager:70 - Updater plugin not ready yet. [1/15]
2025-10-04 11:36:49,044 [INFO] PluginManage:359 - Loaded plugin tools (category:base,tabindex:7)
2025-10-04 11:36:49,044 [INFO] PluginManage:310 - Check plugin tutovideos
2025-10-04 11:36:49,173 [INFO] PluginManage:359 - Loaded plugin tutovideos (category:base,tabindex:-1)
2025-10-04 11:36:49,173 [INFO] PluginManage:310 - Check plugin updater
2025-10-04 11:36:49,190 [INFO] PluginManage:359 - Loaded plugin updater (category:base,tabindex:12)
2025-10-04 11:36:49,191 [INFO] PluginManage:310 - Check plugin userauth
2025-10-04 11:36:49,194 [INFO] UserAuth:118 - Init User Auth plugin
2025-10-04 11:36:49,195 [INFO] PluginManage:359 - Loaded plugin userauth (category:base,tabindex:14)
2025-10-04 11:36:49,195 [INFO] PluginManage:283 - PluginManage : Loaded plugins [18]
2025-10-04 11:36:49,366 [INFO] PinOutPanel:1589 - setPackage(No Configuration,No Configuration)
2025-10-04 11:36:49,435 [INFO] CADModel:165 - CPN selected for project level
2025-10-04 11:36:49,435 [INFO] CADModel:114 - Register for checkConnection events
2025-10-04 11:36:49,447 [INFO] IPUIPlugin:80 - create IPUIPlugin
2025-10-04 11:36:49,447 [INFO] PluginManager:220 - loadIPPluginJar : add adc
2025-10-04 11:36:49,448 [INFO] IPUIPlugin:80 - create IPUIPlugin
2025-10-04 11:36:49,449 [INFO] PluginManager:220 - loadIPPluginJar : add aes
2025-10-04 11:36:49,451 [INFO] IPUIPlugin:80 - create IPUIPlugin
2025-10-04 11:36:49,451 [INFO] PluginManager:220 - loadIPPluginJar : add can
2025-10-04 11:36:49,452 [INFO] IPUIPlugin:80 - create IPUIPlugin
2025-10-04 11:36:49,452 [INFO] PluginManager:220 - loadIPPluginJar : add comp
2025-10-04 11:36:49,454 [INFO] IPUIPlugin:80 - create IPUIPlugin
2025-10-04 11:36:49,454 [INFO] PluginManager:220 - loadIPPluginJar : add cryp
2025-10-04 11:36:49,457 [INFO] IPUIPlugin:80 - create IPUIPlugin
2025-10-04 11:36:49,457 [INFO] PluginManager:220 - loadIPPluginJar : add ddr_ctrl_phy
2025-10-04 11:36:49,459 [INFO] IPUIPlugin:80 - create IPUIPlugin
2025-10-04 11:36:49,459 [INFO] PluginManager:220 - loadIPPluginJar : add dfsdm
2025-10-04 11:36:49,464 [INFO] IPUIPlugin:80 - create IPUIPlugin
2025-10-04 11:36:49,465 [INFO] PluginManager:220 - loadIPPluginJar : add dma
2025-10-04 11:36:49,467 [INFO] IPUIPlugin:80 - create IPUIPlugin
2025-10-04 11:36:49,468 [INFO] PluginManager:220 - loadIPPluginJar : add dma3
2025-10-04 11:36:49,470 [INFO] IPUIPlugin:80 - create IPUIPlugin
2025-10-04 11:36:49,470 [INFO] PluginManager:220 - loadIPPluginJar : add extmemmanager
2025-10-04 11:36:49,472 [INFO] IPUIPlugin:80 - create IPUIPlugin
2025-10-04 11:36:49,472 [INFO] PluginManager:220 - loadIPPluginJar : add fatfs
2025-10-04 11:36:49,476 [INFO] IPUIPlugin:80 - create IPUIPlugin
2025-10-04 11:36:49,476 [INFO] PluginManager:220 - loadIPPluginJar : add fmc
2025-10-04 11:36:49,479 [INFO] IPUIPlugin:80 - create IPUIPlugin
2025-10-04 11:36:49,480 [INFO] PluginManager:220 - loadIPPluginJar : add freertos
2025-10-04 11:36:49,481 [INFO] IPUIPlugin:80 - create IPUIPlugin
2025-10-04 11:36:49,481 [INFO] PluginManager:220 - loadIPPluginJar : add genericplugin
2025-10-04 11:36:49,482 [INFO] IPUIPlugin:80 - create IPUIPlugin
2025-10-04 11:36:49,482 [INFO] PluginManager:220 - loadIPPluginJar : add gfxmmu
2025-10-04 11:36:49,486 [INFO] IPUIPlugin:80 - create IPUIPlugin
2025-10-04 11:36:49,486 [INFO] PluginManager:220 - loadIPPluginJar : add gic
2025-10-04 11:36:49,489 [INFO] IPUIPlugin:80 - create IPUIPlugin
2025-10-04 11:36:49,489 [INFO] PluginManager:220 - loadIPPluginJar : add gpio
2025-10-04 11:36:49,491 [INFO] IPUIPlugin:80 - create IPUIPlugin
2025-10-04 11:36:49,491 [INFO] PluginManager:220 - loadIPPluginJar : add gtzc
2025-10-04 11:36:49,493 [INFO] IPUIPlugin:80 - create IPUIPlugin
2025-10-04 11:36:49,493 [INFO] PluginManager:220 - loadIPPluginJar : add hash
2025-10-04 11:36:49,495 [INFO] IPUIPlugin:80 - create IPUIPlugin
2025-10-04 11:36:49,495 [INFO] PluginManager:220 - loadIPPluginJar : add i2c
2025-10-04 11:36:49,497 [INFO] IPUIPlugin:80 - create IPUIPlugin
2025-10-04 11:36:49,497 [INFO] PluginManager:220 - loadIPPluginJar : add i2s
2025-10-04 11:36:49,500 [INFO] IPUIPlugin:80 - create IPUIPlugin
2025-10-04 11:36:49,500 [INFO] PluginManager:220 - loadIPPluginJar : add i3c
2025-10-04 11:36:49,503 [INFO] IPUIPlugin:80 - create IPUIPlugin
2025-10-04 11:36:49,503 [INFO] PluginManager:220 - loadIPPluginJar : add ipddr
2025-10-04 11:36:49,507 [INFO] IPUIPlugin:80 - create IPUIPlugin
2025-10-04 11:36:49,509 [INFO] PluginManager:220 - loadIPPluginJar : add linkedlist
2025-10-04 11:36:49,511 [INFO] IPUIPlugin:80 - create IPUIPlugin
2025-10-04 11:36:49,511 [INFO] PluginManager:220 - loadIPPluginJar : add lorawan
2025-10-04 11:36:49,513 [INFO] IPUIPlugin:80 - create IPUIPlugin
2025-10-04 11:36:49,513 [INFO] PluginManager:220 - loadIPPluginJar : add ltdc
2025-10-04 11:36:49,520 [INFO] IPUIPlugin:80 - create IPUIPlugin
2025-10-04 11:36:49,520 [INFO] PluginManager:220 - loadIPPluginJar : add mdma
2025-10-04 11:36:49,524 [INFO] IPUIPlugin:80 - create IPUIPlugin
2025-10-04 11:36:49,524 [INFO] PluginManager:220 - loadIPPluginJar : add nvic
2025-10-04 11:36:49,527 [INFO] IPUIPlugin:80 - create IPUIPlugin
2025-10-04 11:36:49,528 [INFO] PluginManager:220 - loadIPPluginJar : add opamp
2025-10-04 11:36:49,531 [INFO] IPUIPlugin:80 - create IPUIPlugin
2025-10-04 11:36:49,532 [INFO] PluginManager:220 - loadIPPluginJar : add openamp
2025-10-04 11:36:49,535 [INFO] IPUIPlugin:80 - create IPUIPlugin
2025-10-04 11:36:49,535 [INFO] PluginManager:220 - loadIPPluginJar : add pdm2pcm
2025-10-04 11:36:49,542 [INFO] IPUIPlugin:80 - create IPUIPlugin
2025-10-04 11:36:49,544 [INFO] PluginManager:220 - loadIPPluginJar : add plateformsettings
2025-10-04 11:36:49,546 [INFO] IPUIPlugin:80 - create IPUIPlugin
2025-10-04 11:36:49,546 [INFO] PluginManager:220 - loadIPPluginJar : add quadspi
2025-10-04 11:36:49,547 [INFO] IPUIPlugin:80 - create IPUIPlugin
2025-10-04 11:36:49,549 [INFO] PluginManager:220 - loadIPPluginJar : add radio
2025-10-04 11:36:49,552 [INFO] IPUIPlugin:80 - create IPUIPlugin
2025-10-04 11:36:49,552 [INFO] PluginManager:220 - loadIPPluginJar : add resmgrutility
2025-10-04 11:36:49,556 [INFO] IPUIPlugin:80 - create IPUIPlugin
2025-10-04 11:36:49,556 [INFO] PluginManager:220 - loadIPPluginJar : add sai
2025-10-04 11:36:49,559 [INFO] IPUIPlugin:80 - create IPUIPlugin
2025-10-04 11:36:49,559 [INFO] PluginManager:220 - loadIPPluginJar : add spi
2025-10-04 11:36:49,564 [INFO] IPUIPlugin:80 - create IPUIPlugin
2025-10-04 11:36:49,564 [INFO] PluginManager:220 - loadIPPluginJar : add stm32_wpan
2025-10-04 11:36:49,565 [INFO] IPUIPlugin:80 - create IPUIPlugin
2025-10-04 11:36:49,565 [INFO] PluginManager:220 - loadIPPluginJar : add tim
2025-10-04 11:36:49,569 [INFO] IPUIPlugin:80 - create IPUIPlugin
2025-10-04 11:36:49,569 [INFO] PluginManager:220 - loadIPPluginJar : add touchsensing
2025-10-04 11:36:49,572 [INFO] IPUIPlugin:80 - create IPUIPlugin
2025-10-04 11:36:49,572 [INFO] PluginManager:220 - loadIPPluginJar : add tracer_emb
2025-10-04 11:36:49,574 [INFO] IPUIPlugin:80 - create IPUIPlugin
2025-10-04 11:36:49,574 [INFO] PluginManager:220 - loadIPPluginJar : add ts
2025-10-04 11:36:49,576 [INFO] IPUIPlugin:80 - create IPUIPlugin
2025-10-04 11:36:49,576 [INFO] PluginManager:220 - loadIPPluginJar : add tsc
2025-10-04 11:36:49,577 [INFO] IPUIPlugin:80 - create IPUIPlugin
2025-10-04 11:36:49,578 [INFO] PluginManager:220 - loadIPPluginJar : add ucpd
2025-10-04 11:36:49,580 [INFO] IPUIPlugin:80 - create IPUIPlugin
2025-10-04 11:36:49,580 [INFO] PluginManager:220 - loadIPPluginJar : add usart
2025-10-04 11:36:49,583 [INFO] IPUIPlugin:80 - create IPUIPlugin
2025-10-04 11:36:49,583 [INFO] PluginManager:220 - loadIPPluginJar : add usbx
2025-10-04 11:36:49,711 [FATAL] Updater:351 - Updater called before beeing initialized
2025-10-04 11:36:49,735 [INFO] RulesReader:64 - Compatibility file has been processed (301 Rules)
2025-10-04 11:36:49,745 [INFO] RulesReader:64 - Compatibility file has been processed (301 Rules)
2025-10-04 11:36:49,751 [INFO] CADModel:165 - CPN selected for project level
2025-10-04 11:36:49,751 [INFO] CADModel:114 - Register for checkConnection events
2025-10-04 11:36:49,751 [FATAL] Updater:351 - Updater called before beeing initialized
2025-10-04 11:36:49,751 [ERROR] CADModel:125 - Updater not yet initialized, retry later 
2025-10-04 11:36:49,891 [FATAL] Updater:351 - Updater called before beeing initialized
2025-10-04 11:36:49,892 [INFO] CADModel:165 - CPN selected for project level
2025-10-04 11:36:49,892 [INFO] CADModel:114 - Register for checkConnection events
2025-10-04 11:36:49,893 [FATAL] Updater:351 - Updater called before beeing initialized
2025-10-04 11:36:49,893 [ERROR] CADModel:125 - Updater not yet initialized, retry later 
2025-10-04 11:36:49,897 [FATAL] Updater:351 - Updater called before beeing initialized
2025-10-04 11:36:50,068 [FATAL] Updater:351 - Updater called before beeing initialized
2025-10-04 11:36:50,072 [INFO] DbMcusAds:53 - JSON generation date=Thu Oct 02 16:36:05 ICT 2025 (1759397765045)
2025-10-04 11:36:50,073 [FATAL] Updater:351 - Updater called before beeing initialized
2025-10-04 11:36:50,105 [WARN] DetailPanel:346 - Failed to get advertising image, set to default
2025-10-04 11:36:50,327 [FATAL] Updater:351 - Updater called before beeing initialized
2025-10-04 11:36:50,329 [FATAL] Updater:351 - Updater called before beeing initialized
2025-10-04 11:36:50,329 [FATAL] Updater:351 - Updater called before beeing initialized
2025-10-04 11:36:50,330 [WARN] DetailPanel:346 - Failed to get advertising image, set to default
2025-10-04 11:36:50,330 [FATAL] Updater:351 - Updater called before beeing initialized
2025-10-04 11:36:50,367 [ERROR] Updater:1198 - MainUpdater not yet initialized. External WinMGr cannot be set.
2025-10-04 11:36:50,368 [INFO] Updater:1134 - Updater Version found : 6.14.0
2025-10-04 11:36:50,380 [INFO] ApplicationProperties:184 - Using Application install path: C:\ST\STM32CubeIDE_1.18.0\STM32CubeIDE\plugins\com.st.stm32cube.common.mx_6.14.0.202502271554
2025-10-04 11:36:51,959 [ERROR] LogOutputStream:75 - [STDERR_REDIRECT] Oct 04, 2025 11:36:51 AM java.util.prefs.WindowsPreferences <init>
2025-10-04 11:36:51,960 [ERROR] LogOutputStream:75 - [STDERR_REDIRECT] WARNING: Could not open/create prefs root node Software\JavaSoft\Prefs at root 0xffffffff80000002. Windows RegCreateKeyEx(...) returned error code 5.
2025-10-04 11:36:51,960 [ERROR] LogOutputStream:75 - [STDERR_REDIRECT] 
2025-10-04 11:36:52,052 [INFO] ThirdPartyUpdaterWithRetryManager:70 - Updater plugin not ready yet. [2/15]
2025-10-04 11:36:52,211 [INFO] MainUpdater:2872 - connection check result : 10
2025-10-04 11:36:52,212 [INFO] MainUpdater:289 - Updater Check For Update Now.
2025-10-04 11:36:52,212 [INFO] MicroXplorer:498 - Change Database Version : DB.6.0.140
2025-10-04 11:36:52,217 [INFO] McuFinderGlobals:63 - Set McuFinder mode to 2 (CubeIDE integrated)
2025-10-04 11:36:52,217 [INFO] UserAuth:171 - activating auth plugin
2025-10-04 11:36:52,220 [INFO] UserAuth:486 - Internet connection configuration mode: 1
2025-10-04 11:36:52,233 [INFO] JxBrowserEngine:152 - Initiate JxBrowser Engine with user profile folder
2025-10-04 11:36:52,401 [INFO] CheckServerUpdateThread:120 - End of CheckServer Thread
2025-10-04 11:36:52,806 [INFO] WebApp:169 - Instantiating new browser for Auth
2025-10-04 11:36:52,897 [INFO] McuFinderGlobals:63 - Set McuFinder mode to 2 (CubeIDE integrated)
2025-10-04 11:36:52,902 [INFO] MainUpdater:2872 - connection check result : 10
2025-10-04 11:36:52,905 [INFO] McuFinderGlobals:76 - Set McuFinderConnectedMode to true
2025-10-04 11:36:53,140 [INFO] ServerAccessManage:473 - Download File mcusAds.json._tmp_
2025-10-04 11:36:53,254 [INFO] LoadUrlFilesThread:156 - End of LoadUrlFiles Thread
2025-10-04 11:36:53,395 [INFO] ServerAccessManage:473 - Download File cube-finder-db.zip
2025-10-04 11:36:53,588 [INFO] WebApp:463 - Apply proxy settings
2025-10-04 11:36:53,588 [INFO] WebApp:548 - Chromium requires no authentication
2025-10-04 11:36:53,596 [INFO] WebApp:491 - Direct internet connection detected
2025-10-04 11:36:53,627 [INFO] WebApp:894 - Register for checkConnection events
2025-10-04 11:36:53,627 [INFO] WebApp:463 - Apply proxy settings
2025-10-04 11:36:53,627 [INFO] WebApp:548 - Chromium requires no authentication
2025-10-04 11:36:53,628 [INFO] WebApp:491 - Direct internet connection detected
2025-10-04 11:36:53,864 [INFO] WebApp:225 - Starting web application
2025-10-04 11:36:53,864 [INFO] WebApp:593 - Web application path used C:\ST\STM32CubeIDE_1.18.0\STM32CubeIDE\plugins\com.st.stm32cube.common.mx_6.14.0.202502271554\db\plugins\mcufinder\reactClient1\index.html
2025-10-04 11:36:53,891 [INFO] WebApp:191 - Connection restablished
2025-10-04 11:36:54,278 [INFO] FileExtend:242 - Unzip File : cube-finder-db.zip
2025-10-04 11:36:54,279 [INFO] FileExtend:257 - Standard Zip Deflate
2025-10-04 11:36:55,053 [WARN] MainUpdater:1193 - Updater busy. Cannot search thirdparties
2025-10-04 11:36:55,054 [INFO] ThirdPartyUpdaterWithRetryManager:96 - Updater plugin is busy. [1/15]
2025-10-04 11:36:55,076 [INFO] LoadUrlFilesThread:156 - End of LoadUrlFiles Thread
2025-10-04 11:36:55,391 [ERROR] LogOutputStream:75 - [STDERR_REDIRECT] [Fatal Error] :1:1: Premature end of file.
2025-10-04 11:36:55,391 [ERROR] LogOutputStream:75 - [STDERR_REDIRECT] 
2025-10-04 11:36:56,013 [INFO] ServerAccessManage:473 - Download File crdb.zip
2025-10-04 11:36:56,189 [ERROR] LogOutputStream:75 - [STDERR_REDIRECT] [Fatal Error] :1:1: Premature end of file.
2025-10-04 11:36:56,189 [ERROR] LogOutputStream:75 - [STDERR_REDIRECT] 
2025-10-04 11:36:57,062 [INFO] FileExtend:242 - Unzip File : crdb.zip
2025-10-04 11:36:57,063 [INFO] FileExtend:257 - Standard Zip Deflate
2025-10-04 11:36:57,183 [ERROR] LogOutputStream:75 - [STDERR_REDIRECT] [Fatal Error] :1:1: Premature end of file.
2025-10-04 11:36:57,183 [ERROR] LogOutputStream:75 - [STDERR_REDIRECT] 
2025-10-04 11:36:57,184 [INFO] LoadUrlFilesThread:156 - End of LoadUrlFiles Thread
2025-10-04 11:36:57,314 [INFO] ServerAccessManage:473 - Download File tutoVideoDB.zip
2025-10-04 11:36:57,319 [INFO] FileExtend:242 - Unzip File : tutoVideoDB.zip
2025-10-04 11:36:57,319 [INFO] FileExtend:257 - Standard Zip Deflate
2025-10-04 11:36:57,429 [INFO] LoadUrlFilesThread:156 - End of LoadUrlFiles Thread
2025-10-04 11:36:57,430 [WARN] DbFile:41 - Overriding database path with different value: C:\Users\2939K\.stmcufinder\plugins\mcufinder/ => C:\Users\2939K\.stmcufinder\plugins\mcufinder
2025-10-04 11:36:57,547 [INFO] ServerAccessManage:473 - Download File api_config.json
2025-10-04 11:36:57,658 [INFO] LoadUrlFilesThread:156 - End of LoadUrlFiles Thread
2025-10-04 11:36:57,659 [INFO] DbMcusAds:53 - JSON generation date=Thu Oct 02 16:36:05 ICT 2025 (1759397765045)
2025-10-04 11:36:57,676 [INFO] LoadUrlFilesThread:185 - End of LoadServerUrlFiles without Thread
2025-10-04 11:36:57,676 [INFO] TargetSelectorAdapter:259 - Refresh data is successful
2025-10-04 11:36:57,753 [INFO] ApiDb:581 - Connected to CubeFinder SQLite database (C:\Users\2939K\.stmcufinder\plugins\mcufinder\mcu\cube-finder-db.db)
2025-10-04 11:36:57,830 [INFO] ApiDb:668 - CubeFinder database Data Model version=2.1
2025-10-04 11:36:57,830 [INFO] ApiDb:669 - CubeFinder database Configuration version=3.0.39
2025-10-04 11:36:57,830 [INFO] ApiDb:670 - CubeFinder database generation date=2025-08-25 (1756130511)
2025-10-04 11:36:57,830 [INFO] ApiDb:671 - CubeFinder database FW Pack versions=[FP-ATR-ASTRA1_V2.0.0, FP-SNS-FLIGHT1_V5.1.0, FP-SNS-MOTENV1_V5.0.0, FP-SNS-MOTENVWB1_V1.4.0, FP-SNS-SMARTAG2_V1.2.0, FP-SNS-STBOX1_V2.1.0, STM32Cube_FW_C0_V1.4.0, STM32Cube_FW_F4_V1.28.3, STM32Cube_FW_F7_V1.17.4, STM32Cube_FW_G0_V1.6.2, STM32Cube_FW_G4_V1.6.1, STM32Cube_FW_H5_V1.5.0, STM32Cube_FW_H7RS_V1.2.0, STM32Cube_FW_H7_V1.12.1, STM32Cube_FW_L0_V1.12.2, STM32Cube_FW_L4_V1.18.1, STM32Cube_FW_L5_V1.5.1, STM32Cube_FW_N6_V1.2.0, STM32Cube_FW_U0_V1.3.0, STM32Cube_FW_U3_V1.2.0, STM32Cube_FW_U5_V1.8.0, STM32Cube_FW_WB0_V1.3.0, STM32Cube_FW_WBA_V1.7.0, STM32Cube_FW_WB_V1.23.0, STM32Cube_FW_WL3_V1.2.0, STM32Cube_FW_WL_V1.3.1, X-CUBE-ALGOBUILD_V1.4.0, X-CUBE-ALS_V1.0.2, X-CUBE-AZRTOS-F4_V1.1.0, X-CUBE-AZRTOS-F7_V1.1.0, X-CUBE-AZRTOS-G0_V1.1.0, X-CUBE-AZRTOS-G4_V2.0.0, X-CUBE-AZRTOS-H7RS_V1.1.0, X-CUBE-AZRTOS-H7_V3.4.0, X-CUBE-AZRTOS-L4_V2.0.0, X-CUBE-AZRTOS-L5_V2.0.0, X-CUBE-AZRTOS-WB_V2.0.0, X-CUBE-AZRTOS-WL_V2.0.0, X-CUBE-BLE1_V7.1.0, X-CUBE-BLE2_V3.3.0, X-CUBE-BLEMGR_V4.1.0, X-CUBE-EEPRMA1_V5.2.0, X-CUBE-FREERTOS_V1.3.1, X-CUBE-GNSS1_V6.0.0, X-CUBE-MEMS1_V11.3.0, X-CUBE-NFC4_V3.0.0, X-CUBE-NFC7_V2.0.0, X-CUBE-SFXS2LP1_V4.0.0, X-CUBE-ST67W61_V1.0.0, X-CUBE-SUBG2_V5.0.0, X-CUBE-TOF1_V3.4.3]
2025-10-04 11:36:58,187 [ERROR] LogOutputStream:75 - [STDERR_REDIRECT] [Fatal Error] :1:1: Premature end of file.
2025-10-04 11:36:58,187 [ERROR] LogOutputStream:75 - [STDERR_REDIRECT] 
2025-10-04 11:36:58,263 [WARN] PackLoader:240 - Cannot read IP mode file for STMicroelectronics.FP-SNS-MOTENVWB1.1.4.0
2025-10-04 11:36:58,274 [WARN] PackLoader:240 - Cannot read IP mode file for STMicroelectronics.FP-ATR-ASTRA1.2.0.2
2025-10-04 11:36:58,285 [WARN] PackLoader:240 - Cannot read IP mode file for STMicroelectronics.X-CUBE-SMBUS.2.1.0
2025-10-04 11:36:58,290 [WARN] PackLoader:240 - Cannot read IP mode file for STMicroelectronics.X-CUBE-ST60.1.0.0
2025-10-04 11:36:58,316 [WARN] PackLoader:240 - Cannot read IP mode file for STMicroelectronics.X-CUBE-AZRTOS-F7.1.1.0
2025-10-04 11:36:58,342 [WARN] PackLoader:240 - Cannot read IP mode file for Infineon.AIROC-Wi-Fi-Bluetooth-STM32.1.7.0
2025-10-04 11:36:58,365 [WARN] PackLoader:240 - Cannot read IP mode file for STMicroelectronics.X-CUBE-AZRTOS-H7.3.4.0
2025-10-04 11:36:58,375 [WARN] PackLoader:240 - Cannot read IP mode file for STMicroelectronics.X-CUBE-DISPLAY.3.0.0
2025-10-04 11:36:58,384 [WARN] PackLoader:240 - Cannot read IP mode file for STMicroelectronics.X-CUBE-NFC10.1.0.0
2025-10-04 11:36:58,394 [WARN] PackLoader:240 - Cannot read IP mode file for STMicroelectronics.X-CUBE-BLEMGR.4.0.0
2025-10-04 11:36:58,402 [WARN] PackLoader:240 - Cannot read IP mode file for emotas.I-CUBE-CANOPEN.1.3.0
2025-10-04 11:36:58,406 [WARN] ConditionMgr:438 - getConditionDescription Invalid condition id : Cortex-A Device cause : null
2025-10-04 11:36:58,417 [WARN] ConditionMgr:1044 - genDependencies : Invalid condition id : Cortex-A Device cause : null
2025-10-04 11:36:58,419 [WARN] ConditionMgr:1044 - genDependencies : Invalid condition id : Cortex-A Device cause : null
2025-10-04 11:36:58,419 [WARN] ConditionMgr:1044 - genDependencies : Invalid condition id : Cortex-A Device cause : null
2025-10-04 11:36:58,422 [ERROR] Engine:466 - C:\Users\2939K\.stm32cubemx\thirdparties\pdsc\STMicroelectronics.FP-SNS-STBOX1.2.1.0.pdsc: PDSC version is not supported
2025-10-04 11:36:58,425 [WARN] PackLoader:240 - Cannot read IP mode file for STMicroelectronics.FP-SNS-SMARTAG2.1.2.0
2025-10-04 11:36:58,429 [WARN] PackLoader:240 - Cannot read IP mode file for STMicroelectronics.FP-SNS-FLIGHT1.5.1.0
2025-10-04 11:36:58,436 [INFO] LogOutputStream:77 - [STDOUT_REDIRECT] 1 : Invalid condition id : UX_CORESTACK_Condition cause : null
2025-10-04 11:36:58,436 [INFO] LogOutputStream:77 - [STDOUT_REDIRECT] 1 : Invalid condition id : UX_CORESTACK_Condition cause : null
2025-10-04 11:36:58,437 [INFO] LogOutputStream:77 - [STDOUT_REDIRECT] 1 : Invalid condition id : UX_CORESTACK_Condition cause : null
2025-10-04 11:36:58,439 [INFO] LogOutputStream:77 - [STDOUT_REDIRECT] 1 : Invalid condition id : UX_CORESTACK_Condition cause : null
2025-10-04 11:36:58,439 [INFO] LogOutputStream:77 - [STDOUT_REDIRECT] 1 : Invalid condition id : UX_CORESTACK_Condition cause : null
2025-10-04 11:36:58,441 [WARN] PackLoader:240 - Cannot read IP mode file for STMicroelectronics.X-CUBE-AZRTOS-WL.2.0.0
2025-10-04 11:36:58,446 [WARN] PackLoader:240 - Cannot read IP mode file for STMicroelectronics.FP-SNS-MOTENV1.5.0.0
2025-10-04 11:36:58,453 [WARN] PackLoader:240 - Cannot read IP mode file for WES.I-CUBE-Cesium.1.3.0
2025-10-04 11:36:58,459 [WARN] PackLoader:240 - Cannot read IP mode file for STMicroelectronics.X-CUBE-BLE2.3.3.0
2025-10-04 11:36:58,465 [WARN] PackLoader:240 - Cannot read IP mode file for STMicroelectronics.X-CUBE-NFC9.1.0.0
2025-10-04 11:36:58,470 [WARN] PackLoader:240 - Cannot read IP mode file for wolfSSL.I-CUBE-wolfSSL.5.8.0
2025-10-04 11:36:58,474 [WARN] PackLoader:240 - Cannot read IP mode file for STMicroelectronics.X-CUBE-BLE1.7.1.0
2025-10-04 11:36:58,478 [WARN] PackLoader:240 - Cannot read IP mode file for wolfSSL.I-CUBE-wolfMQTT.1.19.2
2025-10-04 11:36:58,483 [WARN] PackLoader:240 - Cannot read IP mode file for STMicroelectronics.X-CUBE-EEPRMA1.5.2.0
2025-10-04 11:36:58,488 [WARN] PackLoader:240 - Cannot read IP mode file for STMicroelectronics.X-CUBE-AI.10.1.0
2025-10-04 11:36:58,519 [WARN] PackLoader:240 - Cannot read IP mode file for STMicroelectronics.X-CUBE-MEMS1.11.2.0
2025-10-04 11:36:58,639 [WARN] PackLoader:240 - Cannot read IP mode file for STMicroelectronics.X-CUBE-AZRTOS-G0.1.1.0
2025-10-04 11:36:58,646 [WARN] PackLoader:240 - Cannot read IP mode file for STMicroelectronics.X-CUBE-SAFEA1.1.2.2
2025-10-04 11:36:58,650 [WARN] PackLoader:240 - Cannot read IP mode file for STMicroelectronics.X-CUBE-NFC4.3.0.0
2025-10-04 11:36:58,657 [WARN] PackLoader:240 - Cannot read IP mode file for EmbeddedOffice.I-CUBE-FS-RTOS.1.0.1
2025-10-04 11:36:58,661 [WARN] PackLoader:240 - Cannot read IP mode file for STMicroelectronics.X-CUBE-WB05N.2.0.0
2025-10-04 11:36:58,664 [WARN] PackLoader:240 - Cannot read IP mode file for wolfSSL.I-CUBE-wolfTPM.3.8.0
2025-10-04 11:36:58,669 [WARN] PackLoader:240 - Cannot read IP mode file for STMicroelectronics.X-CUBE-TCPP.4.2.0
2025-10-04 11:36:58,673 [WARN] PackLoader:240 - Cannot read IP mode file for RealThread.X-CUBE-RT-Thread_Nano.4.1.1
2025-10-04 11:36:58,677 [WARN] PackLoader:240 - Cannot read IP mode file for STMicroelectronics.FP-ATR-SIGFOX1.3.2.0
2025-10-04 11:36:58,682 [WARN] PackLoader:240 - Cannot read IP mode file for STMicroelectronics.X-CUBE-EEPRMA1.5.1.0
2025-10-04 11:36:58,690 [WARN] PackLoader:240 - Cannot read IP mode file for ITTIA_DB.I-CUBE-ITTIADB.8.9.0
2025-10-04 11:36:58,696 [WARN] PackLoader:240 - Cannot read IP mode file for STMicroelectronics.X-CUBE-ST67W61.1.0.0
2025-10-04 11:36:58,698 [WARN] PackLoader:240 - Cannot read IP mode file for STMicroelectronics.X-CUBE-AI.10.2.0
2025-10-04 11:36:58,717 [WARN] PackLoader:240 - Cannot read IP mode file for SEGGER.I-CUBE-embOS.1.3.1
2025-10-04 11:36:58,743 [WARN] PackLoader:240 - Cannot read IP mode file for STMicroelectronics.X-CUBE-ALGOBUILD.1.4.0
2025-10-04 11:36:58,770 [WARN] PackLoader:240 - Cannot read IP mode file for STMicroelectronics.X-CUBE-MEMS1.11.3.0
2025-10-04 11:36:58,893 [WARN] PackLoader:240 - Cannot read IP mode file for STMicroelectronics.X-CUBE-PM33A1.1.0.0
2025-10-04 11:36:58,905 [WARN] PackLoader:240 - Cannot read IP mode file for STMicroelectronics.X-CUBE-AZRTOS-F4.1.1.0
2025-10-04 11:36:58,912 [WARN] PackLoader:240 - Cannot read IP mode file for Avnet-IotConnect.X-CUBE-IoTC-DA16k-PMOD.1.0.0
2025-10-04 11:36:58,917 [WARN] PackLoader:240 - Cannot read IP mode file for STMicroelectronics.X-CUBE-ISPU.2.1.0
2025-10-04 11:36:58,922 [WARN] PackLoader:240 - Cannot read IP mode file for STMicroelectronics.X-CUBE-NFC12.1.0.0
2025-10-04 11:36:58,933 [WARN] PackLoader:240 - Cannot read IP mode file for STMicroelectronics.X-CUBE-AZRTOS-L5.2.0.0
2025-10-04 11:36:58,940 [WARN] PackLoader:240 - Cannot read IP mode file for STMicroelectronics.X-CUBE-NFC6.3.1.0
2025-10-04 11:36:58,946 [WARN] PackLoader:240 - Cannot read IP mode file for STMicroelectronics.X-CUBE-FREERTOS.1.3.1
2025-10-04 11:36:58,951 [WARN] PackLoader:240 - Cannot read IP mode file for STMicroelectronics.X-CUBE-TOUCHGFX.4.26.0
2025-10-04 11:36:58,954 [WARN] PackLoader:240 - Cannot read IP mode file for STMicroelectronics.FP-SNS-STAIOTCFT.1.0.0
2025-10-04 11:36:58,960 [WARN] PackLoader:240 - Cannot read IP mode file for STMicroelectronics.X-CUBE-DPower.1.3.0
2025-10-04 11:36:58,969 [WARN] ConditionMgr:438 - getConditionDescription Invalid condition id : LAN8742 Phy interface Condition cause : null
2025-10-04 11:36:58,970 [WARN] PackLoader:240 - Cannot read IP mode file for STMicroelectronics.X-CUBE-AZRTOS-L4.2.0.0
2025-10-04 11:36:58,971 [WARN] ConditionMgr:1044 - genDependencies : Invalid condition id : LAN8742 Phy interface Condition cause : null
2025-10-04 11:36:58,971 [WARN] ConditionMgr:1044 - genDependencies : Invalid condition id : LAN8742 Phy interface Condition cause : null
2025-10-04 11:36:58,971 [WARN] ConditionMgr:1044 - genDependencies : Invalid condition id : LAN8742 Phy interface Condition cause : null
2025-10-04 11:36:58,976 [WARN] PackLoader:240 - Cannot read IP mode file for STMicroelectronics.X-CUBE-SFXS2LP1.4.0.0
2025-10-04 11:36:58,987 [WARN] PackLoader:240 - Cannot read IP mode file for STMicroelectronics.X-CUBE-AZRTOS-H7.3.3.0
2025-10-04 11:36:58,999 [WARN] PackLoader:240 - Cannot read IP mode file for STMicroelectronics.X-CUBE-BLEMGR.4.1.0
2025-10-04 11:36:59,009 [WARN] ConditionMgr:438 - getConditionDescription Invalid condition id : UX DEVICE CLASS RTOS Condition cause : null
2025-10-04 11:36:59,009 [WARN] ConditionMgr:438 - getConditionDescription Invalid condition id : UX DEVICE CLASS RTOS Condition cause : null
2025-10-04 11:36:59,010 [WARN] PackLoader:240 - Cannot read IP mode file for STMicroelectronics.X-CUBE-AZRTOS-WB.2.0.0
2025-10-04 11:36:59,011 [WARN] ConditionMgr:1044 - genDependencies : Invalid condition id : UX DEVICE CLASS RTOS Condition cause : null
2025-10-04 11:36:59,011 [WARN] ConditionMgr:1044 - genDependencies : Invalid condition id : UX DEVICE CLASS RTOS Condition cause : null
2025-10-04 11:36:59,011 [WARN] ConditionMgr:1044 - genDependencies : Invalid condition id : UX DEVICE CLASS RTOS Condition cause : null
2025-10-04 11:36:59,011 [WARN] ConditionMgr:1044 - genDependencies : Invalid condition id : UX DEVICE CLASS RTOS Condition cause : null
2025-10-04 11:36:59,011 [WARN] ConditionMgr:1044 - genDependencies : Invalid condition id : UX DEVICE CLASS RTOS Condition cause : null
2025-10-04 11:36:59,016 [WARN] PackLoader:240 - Cannot read IP mode file for STMicroelectronics.X-CUBE-GNSS1.7.0.1
2025-10-04 11:36:59,019 [WARN] PackLoader:240 - Cannot read IP mode file for STMicroelectronics.X-CUBE-TOUCHGFX.4.25.0
2025-10-04 11:36:59,024 [WARN] PackLoader:240 - Cannot read IP mode file for STMicroelectronics.FP-SNS-STBOX1.2.0.0
2025-10-04 11:36:59,031 [WARN] PackLoader:240 - Cannot read IP mode file for STMicroelectronics.X-CUBE-SUBG2.5.0.0
2025-10-04 11:36:59,044 [WARN] PackLoader:240 - Cannot read IP mode file for STMicroelectronics.X-CUBE-AZRTOS-H7RS.1.1.0
2025-10-04 11:36:59,055 [WARN] PackLoader:240 - Cannot read IP mode file for Cesanta.I-CUBE-Mongoose.7.13.0
2025-10-04 11:36:59,070 [WARN] PackLoader:240 - Cannot read IP mode file for STMicroelectronics.X-CUBE-AZRTOS-G4.2.0.0
2025-10-04 11:36:59,076 [WARN] PackLoader:240 - Cannot read IP mode file for wolfSSL.I-CUBE-wolfSSH.1.4.20
2025-10-04 11:36:59,079 [WARN] PackLoader:240 - Cannot read IP mode file for STMicroelectronics.X-CUBE-NFC7.2.0.0
2025-10-04 11:36:59,088 [WARN] PackLoader:240 - Cannot read IP mode file for STMicroelectronics.X-CUBE-IPS.3.1.0
2025-10-04 11:36:59,098 [WARN] PackLoader:240 - Cannot read IP mode file for STMicroelectronics.X-CUBE-ALS.1.0.2
2025-10-04 11:36:59,105 [WARN] PackLoader:240 - Cannot read IP mode file for STMicroelectronics.X-CUBE-STSE01.1.0.0
2025-10-04 11:36:59,111 [WARN] PackLoader:240 - Cannot read IP mode file for portGmbH.I-Cube-SoM-uGOAL.1.1.0
2025-10-04 11:36:59,120 [WARN] PackLoader:240 - Cannot read IP mode file for STMicroelectronics.X-CUBE-TOF1.3.4.3
2025-10-04 11:36:59,126 [INFO] ThirdParty:978 - Integrity check success = true
2025-10-04 11:36:59,126 [INFO] IntegrityCheckThread:100 - exiting critical section [integrity check]
2025-10-04 11:36:59,126 [INFO] IntegrityCheckThread:103 - End integrity checks thread
2025-10-04 11:36:59,188 [ERROR] LogOutputStream:75 - [STDERR_REDIRECT] [Fatal Error] :1:1: Premature end of file.
2025-10-04 11:36:59,188 [ERROR] LogOutputStream:75 - [STDERR_REDIRECT] 
2025-10-04 11:37:00,069 [INFO] ApiDb:240 - Found 895 in-development CPN: [B-G473E-ZEST1S, B-WB1M-WPAN1, B-WBA5M-WPAN, B-WL5M-SUBG1, NUCLEO-C031C6, NUCLEO-C051C8, NUCLEO-C071RB, NUCLEO-C092RC, NUCLEO-H503RB, NUCLEO-H533RE, NUCLEO-H563ZI, NUCLEO-H7S3L8, NUCLEO-N657X0-Q, NUCLEO-U031R8, NUCLEO-U083RC, NUCLEO-U385RG-Q, NUCLEO-U545RE-Q, NUCLEO-U5A5ZJ-Q, NUCLEO-WB05KZ, NUCLEO-WB07CC, NUCLEO-WB09KE, NUCLEO-WBA52CG, NUCLEO-WBA55CG, NUCLEO-WBA65RI, NUCLEO-WL33CC1, NUCLEO-WL33CC2, STEVAL-PROTEUS1, STEVAL-SMARTAG2, STEVAL-STWINBX1, STM320518-EVAL, STM32C0116-DK, STM32C011D6Y3TR, STM32C011D6Y6TR, STM32C011F4P3, STM32C011F4P6, STM32C011F4U3, STM32C011F4U6TR, STM32C011F6P3, STM32C011F6P6, STM32C011F6U3, STM32C011F6U6TR, STM32C011J4M3, STM32C011J4M6, STM32C011J6M3, STM32C011J6M6, STM32C0316-DK, STM32C031C4T3, STM32C031C4T6, STM32C031C4U3, STM32C031C4U6, STM32C031C6T3, STM32C031C6T6, STM32C031C6U3, STM32C031C6U6, STM32C031F4P3, STM32C031F4P6, STM32C031F6P3, STM32C031F6P6, STM32C031G4U3, STM32C031G4U6, STM32C031G6U3, STM32C031G6U6, STM32C031K4T3, STM32C031K4T6, STM32C031K4U3, STM32C031K4U6, STM32C031K6T3, STM32C031K6T6, STM32C031K6U3, STM32C031K6U6, STM32C051C6T6, STM32C051C6U6, STM32C051C8T6, STM32C051C8U6, STM32C051D8Y6TR, STM32C051F6P6, STM32C051F8P6, STM32C051G6U6, STM32C051G8U6, STM32C051K6T6, STM32C051K6U6, STM32C051K8T6, STM32C071C8T6, STM32C071C8T6N, STM32C071C8U6, STM32C071C8U6N, STM32C071CBT6, STM32C071CBT6N, STM32C071CBU6, STM32C071CBU6N, STM32C071F8P6, STM32C071F8P6N, STM32C071FBP6, STM32C071FBP6N, STM32C071FBY6TR, STM32C071G8U6, STM32C071G8U6N, STM32C071GBU6, STM32C071GBU6N, STM32C071K8T6, STM32C071K8T6N, STM32C071K8U6, STM32C071K8U6N, STM32C071KBT6, STM32C071KBT6N, STM32C071KBU6, STM32C071KBU6N, STM32C071R8T6, STM32C071R8T6N, STM32C071RBI6N, STM32C071RBT6, STM32C071RBT6N, STM32C091CBT6, STM32C091CBU6, STM32C091CCT6, STM32C091CCU6, STM32C091ECY6TR, STM32C091FBP6, STM32C091FCP6, STM32C091GBU6, STM32C091GCU6, STM32C091KBT6, STM32C091KBU6, STM32C091KCT6, STM32C091KCU6, STM32C091RBT6, STM32C091RCI6, STM32C091RCT6, STM32C092CBT6, STM32C092CBU6, STM32C092CCT6, STM32C092CCU6, STM32C092ECY6TR, STM32C092FBP6, STM32C092FCP6, STM32C092GBU6, STM32C092GCU6, STM32C092KBT6, STM32C092KBU6, STM32C092KCT6, STM32C092KCU6, STM32C092RBT6, STM32C092RCI6, STM32C092RCT6, STM32G071K8TXN, STM32G071K8UXN, STM32G081GBU6N, STM32G081KBT6N, STM32G081KBUXN, STM32G0B1CCT6N, STM32G0B1KCT6, STM32G0B1NEY6TR, STM32G0B1RCT6N, STM32G0C1CCT6, STM32G0C1CCT6N, STM32G0C1CCU6N, STM32G0C1CET6N, STM32G0C1CEU6N, STM32G0C1KCT6, STM32G0C1NEY6TR, STM32G0C1RCI6N, STM32G0C1RCT6N, STM32G0C1REI6N, STM32G0C1RET6N, STM32G0C1VCI6, STM32G0C1VEI6, STM32G411C6T3, STM32G411C6T6, STM32G411C6U3, STM32G411C6U6, STM32G411C8T3, STM32G411C8T6, STM32G411C8U3, STM32G411C8U6, STM32G411CBT3, STM32G411CBT6, STM32G411CBU3, STM32G411CBU6, STM32G411CCT3, STM32G411CCT6, STM32G411CCU3, STM32G411CCU6, STM32G411K6T3, STM32G411K6T6, STM32G411K6U3, STM32G411K6U6, STM32G411K8T3, STM32G411K8T6, STM32G411K8U3, STM32G411K8U6, STM32G411KBT3, STM32G411KBT6, STM32G411KBU3, STM32G411KBU6, STM32G411M6T3, STM32G411M6T6, STM32G411M8T3, STM32G411M8T6, STM32G411MBT3, STM32G411MBT6, STM32G411MCT3, STM32G411MCT6, STM32G411R6T3, STM32G411R6T6, STM32G411R8T3, STM32G411R8T6, STM32G411RBT3, STM32G411RBT6, STM32G411RCT3, STM32G411RCT6, STM32G414CBT3, STM32G414CBT6, STM32G414CBU3, STM32G414CBU6, STM32G414CCT3, STM32G414CCT6, STM32G414CCU3, STM32G414CCU6, STM32G414MBT3, STM32G414MBT6, STM32G414MCT3, STM32G414MCT6, STM32G414RBT3, STM32G414RBT6, STM32G414RCT3, STM32G414RCT6, STM32G414VBT3, STM32G414VBT6, STM32G414VCT3, STM32G414VCT6, STM32G431CBT3Z, STM32G431RBT3Z, STM32G471CCT6, STM32G471CCU6, STM32G471CET3, STM32G471CET6, STM32G471CEU3, STM32G471CEU6, STM32G471MCT6, STM32G471MET3, STM32G471MET6, STM32G471MEY6TR, STM32G471QCT6, STM32G471QET3, STM32G471RCT6, STM32G471RET3, STM32G471RET6, STM32G471VCH6, STM32G471VCI6, STM32G471VCT6, STM32G471VEH3, STM32G471VEH6, STM32G471VEI3, STM32G471VEI6, STM32G471VET3, STM32G471VET6, STM32G473QET3Z, STM32G473RET3Z, STM32G474CCT6, STM32G491RET3Z, STM32H503CBT6, STM32H503CBU6, STM32H503EBY6TR, STM32H503KBU6, STM32H503RBT6, STM32H523CCT6, STM32H523CCU6, STM32H523CET6, STM32H523CEU6, STM32H523HEY6TR, STM32H523RCT6, STM32H523RET6, STM32H523VCI6, STM32H523VCT6, STM32H523VEI6, STM32H523VET6, STM32H523ZCJ6, STM32H523ZCT6, STM32H523ZEJ6, STM32H523ZET6, STM32H533CET6, STM32H533CEU6, STM32H533HEY6TR, STM32H533RET6, STM32H533VEI6, STM32H533VET6, STM32H533ZEJ6, STM32H533ZET6, STM32H562AGI6, STM32H562AII6, STM32H562IGK6, STM32H562IGT6, STM32H562IIK6, STM32H562IIT6, STM32H562RGT6, STM32H562RGV6, STM32H562RIT6, STM32H562RIV6, STM32H562VGT6, STM32H562VIT6, STM32H562ZGT6, STM32H562ZIT6, STM32H563AGI6, STM32H563AII3Q, STM32H563AII6, STM32H563IGK6, STM32H563IGT6, STM32H563IIK3Q, STM32H563IIK6, STM32H563IIT3Q, STM32H563IIT6, STM32H563MIY3QTR, STM32H563RGT6, STM32H563RGV6, STM32H563RIT6, STM32H563RIV6, STM32H563VGT6, STM32H563VIT3Q, STM32H563VIT6, STM32H563ZGT6, STM32H563ZIT3Q, STM32H563ZIT6, STM32H573AII3Q, STM32H573AII6, STM32H573I-DK, STM32H573IIK3Q, STM32H573IIK6, STM32H573IIT3Q, STM32H573IIT6, STM32H573MIY3QTR, STM32H573RIT6, STM32H573RIV6, STM32H573VIT3Q, STM32H573VIT6, STM32H573ZIT3Q, STM32H573ZIT6, STM32H7R3A8I6, STM32H7R3I8K6, STM32H7R3I8T6, STM32H7R3L8H6, STM32H7R3L8H6H, STM32H7R3R8V6, STM32H7R3V8H6, STM32H7R3V8T6, STM32H7R3V8Y6TR, STM32H7R3Z8J6, STM32H7R3Z8T6, STM32H7R7A8I6, STM32H7R7I8K6, STM32H7R7I8T6, STM32H7R7L8H6, STM32H7R7L8H6H, STM32H7R7Z8J6, STM32H7S3A8I6, STM32H7S3I8K6, STM32H7S3I8T6, STM32H7S3L8H6, STM32H7S3L8H6H, STM32H7S3R8V6, STM32H7S3V8H6, STM32H7S3V8T6, STM32H7S3V8Y6TR, STM32H7S3Z8J6, STM32H7S3Z8T6, STM32H7S78-DK, STM32H7S7A8I6, STM32H7S7I8K6, STM32H7S7I8T6, STM32H7S7L8H6, STM32H7S7L8H6H, STM32H7S7Z8J6, STM32L4R5QGI6STR, STM32MP131AAE3, STM32MP131AAF3, STM32MP131AAG3, STM32MP131CAE3, STM32MP131CAF3, STM32MP131CAG3, STM32MP131DAE7, STM32MP131DAF7, STM32MP131DAG7, STM32MP131FAE7, STM32MP131FAF7, STM32MP131FAG7, STM32MP133AAE3, STM32MP133AAF3, STM32MP133AAG3, STM32MP133CAE3, STM32MP133CAF3, STM32MP133CAG3, STM32MP133DAE7, STM32MP133DAF7, STM32MP133DAG7, STM32MP133FAE7, STM32MP133FAF7, STM32MP133FAG7, STM32MP135AAE3, STM32MP135AAF3, STM32MP135AAG3, STM32MP135CAE3, STM32MP135CAF3, STM32MP135CAG3, STM32MP135DAE7, STM32MP135DAF7, STM32MP135DAG7, STM32MP135F-DK, STM32MP135FAE7, STM32MP135FAF7, STM32MP135FAF7T, STM32MP135FAF7U, STM32MP135FAG7, STM32MP231AAJ3, STM32MP231AAK3, STM32MP231AAL3, STM32MP231CAJ3, STM32MP231CAK3, STM32MP231CAL3, STM32MP231DAJ3, STM32MP231DAK3, STM32MP231DAL3, STM32MP231FAJ3, STM32MP231FAK3, STM32MP231FAL3, STM32MP233AAJ3, STM32MP233AAK3, STM32MP233AAL3, STM32MP233CAJ3, STM32MP233CAK3, STM32MP233CAL3, STM32MP233DAJ3, STM32MP233DAK3, STM32MP233DAL3, STM32MP233FAJ3, STM32MP233FAK3, STM32MP233FAL3, STM32MP235AAJ3, STM32MP235AAK3, STM32MP235AAL3, STM32MP235CAJ3, STM32MP235CAK3, STM32MP235CAL3, STM32MP235DAJ3, STM32MP235DAK3, STM32MP235DAL3, STM32MP235FAJ3, STM32MP235FAK3, STM32MP235FAL3, STM32MP251AAI3, STM32MP251AAJ3, STM32MP251AAK3, STM32MP251AAL3, STM32MP251CAI3, STM32MP251CAJ3, STM32MP251CAK3, STM32MP251CAL3, STM32MP251DAI3, STM32MP251DAJ3, STM32MP251DAK3, STM32MP251DAL3, STM32MP251FAI3, STM32MP251FAJ3, STM32MP251FAK3, STM32MP251FAL3, STM32MP253AAI3, STM32MP253AAJ3, STM32MP253AAK3, STM32MP253AAL3, STM32MP253CAI3, STM32MP253CAJ3, STM32MP253CAK3, STM32MP253CAL3, STM32MP253DAI3, STM32MP253DAJ3, STM32MP253DAK3, STM32MP253DAL3, STM32MP253FAI3, STM32MP253FAJ3, STM32MP253FAK3, STM32MP253FAL3, STM32MP255AAI3, STM32MP255AAJ3, STM32MP255AAK3, STM32MP255AAL3, STM32MP255CAI3, STM32MP255CAJ3, STM32MP255CAK3, STM32MP255CAL3, STM32MP255DAI3, STM32MP255DAJ3, STM32MP255DAK3, STM32MP255DAL3, STM32MP255FAI3, STM32MP255FAJ3, STM32MP255FAK3, STM32MP255FAL3, STM32MP257AAI3, STM32MP257AAJ3, STM32MP257AAK3, STM32MP257AAL3, STM32MP257CAI3, STM32MP257CAJ3, STM32MP257CAK3, STM32MP257CAL3, STM32MP257DAI3, STM32MP257DAJ3, STM32MP257DAK3, STM32MP257DAL3, STM32MP257F-DK, STM32MP257F-EV1, STM32MP257FAI3, STM32MP257FAJ3, STM32MP257FAK3, STM32MP257FAL3, STM32N645A0H3Q, STM32N645B0H3Q, STM32N645I0H3Q, STM32N645L0H3Q, STM32N645X0H3Q, STM32N645Z0H3Q, STM32N647A0H3Q, STM32N647B0H3Q, STM32N647I0H3Q, STM32N647L0H3Q, STM32N647X0H3Q, STM32N647Z0H3Q, STM32N655A0H3Q, STM32N655B0H3Q, STM32N655I0H3Q, STM32N655L0H3Q, STM32N655X0H3Q, STM32N655Z0H3Q, STM32N6570-DK, STM32N657A0H3Q, STM32N657B0H3Q, STM32N657I0H3Q, STM32N657L0H3Q, STM32N657X0H3Q, STM32N657Z0H3Q, STM32U031C6T6, STM32U031C6U6, STM32U031C8T6, STM32U031C8U6, STM32U031F4P6, STM32U031F6P6, STM32U031F8P6, STM32U031G6Y6TR, STM32U031G8Y6TR, STM32U031K4U6, STM32U031K6U6, STM32U031K8U6, STM32U031R6I6, STM32U031R6T6, STM32U031R8I6, STM32U031R8T6, STM32U073C8T6, STM32U073C8U6, STM32U073CBT6, STM32U073CBU6, STM32U073CCT6, STM32U073CCU6, STM32U073H8Y6TR, STM32U073HBY6TR, STM32U073HCY6TR, STM32U073K8U6, STM32U073KBU6, STM32U073KCU6, STM32U073M8I6, STM32U073M8T6, STM32U073MBI6, STM32U073MBT6, STM32U073MCI6, STM32U073MCT6, STM32U073R8I6, STM32U073R8T6, STM32U073RBI6, STM32U073RBT6, STM32U073RCI6, STM32U073RCT6, STM32U083C-DK, STM32U083CCT6, STM32U083CCU6, STM32U083HCY6TR, STM32U083KCU6, STM32U083MCI6, STM32U083MCT6, STM32U083RCI6, STM32U083RCT6, STM32U375CET6, STM32U375CET6Q, STM32U375CEU6, STM32U375CEU6Q, STM32U375CEY6QTR, STM32U375CGT6, STM32U375CGT6Q, STM32U375CGU6, STM32U375CGU6Q, STM32U375CGY6QTR, STM32U375KEU6, STM32U375KGU6, STM32U375REI6, STM32U375REI6Q, STM32U375RET6, STM32U375RET6Q, STM32U375REY6GTR, STM32U375REY6QTR, STM32U375RGI6, STM32U375RGI6Q, STM32U375RGT6, STM32U375RGT6Q, STM32U375RGY6GTR, STM32U375RGY6QTR, STM32U375VEI6, STM32U375VEI6Q, STM32U375VET6, STM32U375VET6Q, STM32U375VGI6, STM32U375VGI6Q, STM32U375VGT6, STM32U375VGT6Q, STM32U385CGT6, STM32U385CGT6Q, STM32U385CGU6, STM32U385CGU6Q, STM32U385CGY6QTR, STM32U385KGU6, STM32U385RGI6, STM32U385RGI6Q, STM32U385RGT6, STM32U385RGT6Q, STM32U385RGY6GTR, STM32U385RGY6QTR, STM32U385VGI6, STM32U385VGI6Q, STM32U385VGT6, STM32U385VGT6Q, STM32U535CBT6, STM32U535CBT6Q, STM32U535CBU6, STM32U535CBU6Q, STM32U535CCT6, STM32U535CCT6Q, STM32U535CCU6, STM32U535CCU6Q, STM32U535CET6, STM32U535CET6Q, STM32U535CEU6, STM32U535CEU6Q, STM32U535JEY6QTR, STM32U535NCY6QTR, STM32U535NEY6QTR, STM32U535RBI6, STM32U535RBI6Q, STM32U535RBT6, STM32U535RBT6Q, STM32U535RCI6, STM32U535RCI6Q, STM32U535RCT6, STM32U535RCT6Q, STM32U535REI6, STM32U535REI6Q, STM32U535RET6, STM32U535RET6Q, STM32U535VCI6, STM32U535VCI6Q, STM32U535VCT6, STM32U535VCT6Q, STM32U535VEI6, STM32U535VEI6Q, STM32U535VET6, STM32U535VET6Q, STM32U545CET6, STM32U545CET6Q, STM32U545CEU6, STM32U545CEU6Q, STM32U545JEY6QTR, STM32U545NEY6QTR, STM32U545REI6, STM32U545REI6Q, STM32U545RET6, STM32U545RET6Q, STM32U545VEI6, STM32U545VEI6Q, STM32U545VET6, STM32U545VET6Q, STM32U595AIH6, STM32U595AIH6Q, STM32U595AJH6, STM32U595AJH6Q, STM32U595QII6, STM32U595QII6Q, STM32U595QJI6, STM32U595QJI6Q, STM32U595RIT6, STM32U595RIT6Q, STM32U595RJT6, STM32U595RJT6Q, STM32U595VIT6, STM32U595VIT6Q, STM32U595VJT6, STM32U595VJT6Q, STM32U595ZIT6, STM32U595ZIT6Q, STM32U595ZIY6QTR, STM32U595ZJT6, STM32U595ZJT6Q, STM32U595ZJY6QTR, STM32U599BJY6QTR, STM32U599NIH6Q, STM32U599NJH6Q, STM32U599VIT6Q, STM32U599VJT6, STM32U599VJT6Q, STM32U599ZIT6Q, STM32U599ZIY6QTR, STM32U599ZJT6Q, STM32U599ZJY6QTR, STM32U5A5AJH6, STM32U5A5AJH6Q, STM32U5A5QII3Q , STM32U5A5QJI6, STM32U5A5QJI6Q, STM32U5A5RJT6, STM32U5A5RJT6Q, STM32U5A5VJT6, STM32U5A5VJT6Q, STM32U5A5ZJT6, STM32U5A5ZJT6Q, STM32U5A5ZJY6QTR, STM32U5A9BJY6QTR, STM32U5A9J-DK, STM32U5A9NJH6Q, STM32U5A9VJT6Q, STM32U5A9ZJT6Q, STM32U5A9ZJY6QTR, STM32U5F7VIT6, STM32U5F7VIT6Q, STM32U5F7VJT6, STM32U5F7VJT6Q, STM32U5F9BJY6QTR, STM32U5F9NJH6Q, STM32U5F9VIT6Q, STM32U5F9VJT6Q, STM32U5F9ZIJ6QTR, STM32U5F9ZIT6Q, STM32U5F9ZJJ6QTR, STM32U5F9ZJT6Q, STM32U5G7VJT6, STM32U5G7VJT6Q, STM32U5G9BJY6QTR, STM32U5G9J-DK1, STM32U5G9J-DK2, STM32U5G9NJH6Q, STM32U5G9VJT6Q, STM32U5G9ZJJ6QTR, STM32U5G9ZJT6Q, STM32WB05KZV6TR, STM32WB05KZV7TR, STM32WB05TZF6TR, STM32WB05TZF7TR, STM32WB06CCF6TR, STM32WB06CCF7TR, STM32WB06CCV6TR, STM32WB06CCV7TR, STM32WB06KCV6TR, STM32WB06KCV7TR, STM32WB07CCF6TR, STM32WB07CCF7TR, STM32WB07CCV6TR, STM32WB07CCV7TR, STM32WB07KCV6TR, STM32WB07KCV7TR, STM32WB09KEV6TR, STM32WB09KEV7TR, STM32WB09TEF6TR, STM32WB09TEF7TR, STM32WB1MMCH6, STM32WBA50KGU6, STM32WBA50KGU6TR, STM32WBA52CEU6, STM32WBA52CEU6TR, STM32WBA52CEU7, STM32WBA52CEU7TR, STM32WBA52CGU6, STM32WBA52CGU6TR, STM32WBA52CGU6U, STM32WBA52CGU7, STM32WBA52CGU7TR, STM32WBA52KEU6, STM32WBA52KEU6TR, STM32WBA52KGU6, STM32WBA52KGU6TR, STM32WBA54CEU6, STM32WBA54CEU6TR, STM32WBA54CEU7, STM32WBA54CEU7TR, STM32WBA54CGU6, STM32WBA54CGU6TR, STM32WBA54CGU7, STM32WBA54CGU7TR, STM32WBA54KEU6, STM32WBA54KEU6TR, STM32WBA54KEU7, STM32WBA54KEU7TR, STM32WBA54KGU6, STM32WBA54KGU6TR, STM32WBA54KGU7, STM32WBA54KGU7TR, STM32WBA55CEU6, STM32WBA55CEU6TR, STM32WBA55CEU7, STM32WBA55CEU7TR, STM32WBA55CGU6, STM32WBA55CGU6TR, STM32WBA55CGU6U, STM32WBA55CGU7, STM32WBA55CGU7TR, STM32WBA55G-DK1, STM32WBA55HEF6, STM32WBA55HEF7, STM32WBA55HGF6, STM32WBA55HGF7, STM32WBA55UEI6, STM32WBA55UEI6TR, STM32WBA55UEI7, STM32WBA55UEI7TR, STM32WBA55UGI6, STM32WBA55UGI6TR, STM32WBA55UGI7, STM32WBA55UGI7TR, STM32WBA5MJGH6TR, STM32WBA62CGU6, STM32WBA62CIU6, STM32WBA62MGF6, STM32WBA62MIF6, STM32WBA62PGI6, STM32WBA62PII6, STM32WBA63CGU6, STM32WBA63CGU7, STM32WBA63CIU6, STM32WBA63CIU7, STM32WBA64CGU6, STM32WBA64CGU7, STM32WBA64CIU6, STM32WBA64CIU7, STM32WBA65CGU6, STM32WBA65CGU7, STM32WBA65CIU6, STM32WBA65CIU7, STM32WBA65I-DK1, STM32WBA65MGF6, STM32WBA65MGF7, STM32WBA65MIF6, STM32WBA65MIF7, STM32WBA65PGI6, STM32WBA65PGI7, STM32WBA65PII6, STM32WBA65PII7, STM32WBA65RGV6, STM32WBA65RGV7, STM32WBA65RIV6, STM32WBA65RIV7, STM32WL30K8V6, STM32WL30KBV6, STM32WL31C8V6, STM32WL31CBV6, STM32WL31K8V6, STM32WL31KBV6, STM32WL33C8V6, STM32WL33C8V6TR, STM32WL33C8V7, STM32WL33C8V7TR, STM32WL33CBV6, STM32WL33CBV6TR, STM32WL33CBV7, STM32WL33CBV7TR, STM32WL33CCV6, STM32WL33CCV6TR, STM32WL33CCV7, STM32WL33CCV7A, STM32WL33CCV7ATR, STM32WL33CCV7TR, STM32WL33K8V6, STM32WL33K8V6TR, STM32WL33K8V7, STM32WL33K8V7TR, STM32WL33KBV6, STM32WL33KBV6TR, STM32WL33KBV7, STM32WL33KBV7TR, STM32WL33KCV6, STM32WL33KCV6TR, STM32WL33KCV7, STM32WL33KCV7TR, STM32WL5MOCH6, STM32WL5MOCH6TR]
2025-10-04 11:37:00,076 [INFO] DbMcus:218 - Found 4747 MCUs, 4747 are supported
2025-10-04 11:37:00,077 [INFO] ApiDb:423 - Load user favorites file C:\Users\2939K/.stm32cubeide/favorites.mcus.txt: 1 item(s)
2025-10-04 11:37:00,077 [INFO] ApiDb:427 - User favorites MCUs=[STM32F103C8T6]
2025-10-04 11:37:00,077 [INFO] DbMcus:224 - Set 1 / 1 favorites MCUs
2025-10-04 11:37:00,191 [ERROR] LogOutputStream:75 - [STDERR_REDIRECT] [Fatal Error] :1:1: Premature end of file.
2025-10-04 11:37:00,192 [ERROR] LogOutputStream:75 - [STDERR_REDIRECT] 
2025-10-04 11:37:00,482 [INFO] ApiDb:668 - CubeFinder database Data Model version=2.1
2025-10-04 11:37:00,482 [INFO] ApiDb:669 - CubeFinder database Configuration version=3.0.39
2025-10-04 11:37:00,482 [INFO] ApiDb:670 - CubeFinder database generation date=2025-08-25 (1756130511)
2025-10-04 11:37:00,482 [INFO] ApiDb:671 - CubeFinder database FW Pack versions=[FP-ATR-ASTRA1_V2.0.0, FP-SNS-FLIGHT1_V5.1.0, FP-SNS-MOTENV1_V5.0.0, FP-SNS-MOTENVWB1_V1.4.0, FP-SNS-SMARTAG2_V1.2.0, FP-SNS-STBOX1_V2.1.0, STM32Cube_FW_C0_V1.4.0, STM32Cube_FW_F4_V1.28.3, STM32Cube_FW_F7_V1.17.4, STM32Cube_FW_G0_V1.6.2, STM32Cube_FW_G4_V1.6.1, STM32Cube_FW_H5_V1.5.0, STM32Cube_FW_H7RS_V1.2.0, STM32Cube_FW_H7_V1.12.1, STM32Cube_FW_L0_V1.12.2, STM32Cube_FW_L4_V1.18.1, STM32Cube_FW_L5_V1.5.1, STM32Cube_FW_N6_V1.2.0, STM32Cube_FW_U0_V1.3.0, STM32Cube_FW_U3_V1.2.0, STM32Cube_FW_U5_V1.8.0, STM32Cube_FW_WB0_V1.3.0, STM32Cube_FW_WBA_V1.7.0, STM32Cube_FW_WB_V1.23.0, STM32Cube_FW_WL3_V1.2.0, STM32Cube_FW_WL_V1.3.1, X-CUBE-ALGOBUILD_V1.4.0, X-CUBE-ALS_V1.0.2, X-CUBE-AZRTOS-F4_V1.1.0, X-CUBE-AZRTOS-F7_V1.1.0, X-CUBE-AZRTOS-G0_V1.1.0, X-CUBE-AZRTOS-G4_V2.0.0, X-CUBE-AZRTOS-H7RS_V1.1.0, X-CUBE-AZRTOS-H7_V3.4.0, X-CUBE-AZRTOS-L4_V2.0.0, X-CUBE-AZRTOS-L5_V2.0.0, X-CUBE-AZRTOS-WB_V2.0.0, X-CUBE-AZRTOS-WL_V2.0.0, X-CUBE-BLE1_V7.1.0, X-CUBE-BLE2_V3.3.0, X-CUBE-BLEMGR_V4.1.0, X-CUBE-EEPRMA1_V5.2.0, X-CUBE-FREERTOS_V1.3.1, X-CUBE-GNSS1_V6.0.0, X-CUBE-MEMS1_V11.3.0, X-CUBE-NFC4_V3.0.0, X-CUBE-NFC7_V2.0.0, X-CUBE-SFXS2LP1_V4.0.0, X-CUBE-ST67W61_V1.0.0, X-CUBE-SUBG2_V5.0.0, X-CUBE-TOF1_V3.4.3]
2025-10-04 11:37:00,533 [INFO] DbBoardsSqlite:226 - include board P-NUCLEO-WB55-NUCLEO as a kit item of type 'Nucleo-64'
2025-10-04 11:37:00,533 [INFO] DbBoardsSqlite:226 - include board P-NUCLEO-WB55-USBDONGLE as a kit item of type 'Nucleo USB Dongle'
2025-10-04 11:37:00,534 [INFO] DbBoardsSqlite:226 - include board STEVAL-IDP005V1 as a kit item of type 'Evaluation Board'
2025-10-04 11:37:00,534 [INFO] DbBoardsSqlite:226 - include board STEVAL-IDP005V2 as a kit item of type 'Evaluation Board'
2025-10-04 11:37:00,600 [INFO] ApiDb:240 - Found 895 in-development CPN: [B-G473E-ZEST1S, B-WB1M-WPAN1, B-WBA5M-WPAN, B-WL5M-SUBG1, NUCLEO-C031C6, NUCLEO-C051C8, NUCLEO-C071RB, NUCLEO-C092RC, NUCLEO-H503RB, NUCLEO-H533RE, NUCLEO-H563ZI, NUCLEO-H7S3L8, NUCLEO-N657X0-Q, NUCLEO-U031R8, NUCLEO-U083RC, NUCLEO-U385RG-Q, NUCLEO-U545RE-Q, NUCLEO-U5A5ZJ-Q, NUCLEO-WB05KZ, NUCLEO-WB07CC, NUCLEO-WB09KE, NUCLEO-WBA52CG, NUCLEO-WBA55CG, NUCLEO-WBA65RI, NUCLEO-WL33CC1, NUCLEO-WL33CC2, STEVAL-PROTEUS1, STEVAL-SMARTAG2, STEVAL-STWINBX1, STM320518-EVAL, STM32C0116-DK, STM32C011D6Y3TR, STM32C011D6Y6TR, STM32C011F4P3, STM32C011F4P6, STM32C011F4U3, STM32C011F4U6TR, STM32C011F6P3, STM32C011F6P6, STM32C011F6U3, STM32C011F6U6TR, STM32C011J4M3, STM32C011J4M6, STM32C011J6M3, STM32C011J6M6, STM32C0316-DK, STM32C031C4T3, STM32C031C4T6, STM32C031C4U3, STM32C031C4U6, STM32C031C6T3, STM32C031C6T6, STM32C031C6U3, STM32C031C6U6, STM32C031F4P3, STM32C031F4P6, STM32C031F6P3, STM32C031F6P6, STM32C031G4U3, STM32C031G4U6, STM32C031G6U3, STM32C031G6U6, STM32C031K4T3, STM32C031K4T6, STM32C031K4U3, STM32C031K4U6, STM32C031K6T3, STM32C031K6T6, STM32C031K6U3, STM32C031K6U6, STM32C051C6T6, STM32C051C6U6, STM32C051C8T6, STM32C051C8U6, STM32C051D8Y6TR, STM32C051F6P6, STM32C051F8P6, STM32C051G6U6, STM32C051G8U6, STM32C051K6T6, STM32C051K6U6, STM32C051K8T6, STM32C071C8T6, STM32C071C8T6N, STM32C071C8U6, STM32C071C8U6N, STM32C071CBT6, STM32C071CBT6N, STM32C071CBU6, STM32C071CBU6N, STM32C071F8P6, STM32C071F8P6N, STM32C071FBP6, STM32C071FBP6N, STM32C071FBY6TR, STM32C071G8U6, STM32C071G8U6N, STM32C071GBU6, STM32C071GBU6N, STM32C071K8T6, STM32C071K8T6N, STM32C071K8U6, STM32C071K8U6N, STM32C071KBT6, STM32C071KBT6N, STM32C071KBU6, STM32C071KBU6N, STM32C071R8T6, STM32C071R8T6N, STM32C071RBI6N, STM32C071RBT6, STM32C071RBT6N, STM32C091CBT6, STM32C091CBU6, STM32C091CCT6, STM32C091CCU6, STM32C091ECY6TR, STM32C091FBP6, STM32C091FCP6, STM32C091GBU6, STM32C091GCU6, STM32C091KBT6, STM32C091KBU6, STM32C091KCT6, STM32C091KCU6, STM32C091RBT6, STM32C091RCI6, STM32C091RCT6, STM32C092CBT6, STM32C092CBU6, STM32C092CCT6, STM32C092CCU6, STM32C092ECY6TR, STM32C092FBP6, STM32C092FCP6, STM32C092GBU6, STM32C092GCU6, STM32C092KBT6, STM32C092KBU6, STM32C092KCT6, STM32C092KCU6, STM32C092RBT6, STM32C092RCI6, STM32C092RCT6, STM32G071K8TXN, STM32G071K8UXN, STM32G081GBU6N, STM32G081KBT6N, STM32G081KBUXN, STM32G0B1CCT6N, STM32G0B1KCT6, STM32G0B1NEY6TR, STM32G0B1RCT6N, STM32G0C1CCT6, STM32G0C1CCT6N, STM32G0C1CCU6N, STM32G0C1CET6N, STM32G0C1CEU6N, STM32G0C1KCT6, STM32G0C1NEY6TR, STM32G0C1RCI6N, STM32G0C1RCT6N, STM32G0C1REI6N, STM32G0C1RET6N, STM32G0C1VCI6, STM32G0C1VEI6, STM32G411C6T3, STM32G411C6T6, STM32G411C6U3, STM32G411C6U6, STM32G411C8T3, STM32G411C8T6, STM32G411C8U3, STM32G411C8U6, STM32G411CBT3, STM32G411CBT6, STM32G411CBU3, STM32G411CBU6, STM32G411CCT3, STM32G411CCT6, STM32G411CCU3, STM32G411CCU6, STM32G411K6T3, STM32G411K6T6, STM32G411K6U3, STM32G411K6U6, STM32G411K8T3, STM32G411K8T6, STM32G411K8U3, STM32G411K8U6, STM32G411KBT3, STM32G411KBT6, STM32G411KBU3, STM32G411KBU6, STM32G411M6T3, STM32G411M6T6, STM32G411M8T3, STM32G411M8T6, STM32G411MBT3, STM32G411MBT6, STM32G411MCT3, STM32G411MCT6, STM32G411R6T3, STM32G411R6T6, STM32G411R8T3, STM32G411R8T6, STM32G411RBT3, STM32G411RBT6, STM32G411RCT3, STM32G411RCT6, STM32G414CBT3, STM32G414CBT6, STM32G414CBU3, STM32G414CBU6, STM32G414CCT3, STM32G414CCT6, STM32G414CCU3, STM32G414CCU6, STM32G414MBT3, STM32G414MBT6, STM32G414MCT3, STM32G414MCT6, STM32G414RBT3, STM32G414RBT6, STM32G414RCT3, STM32G414RCT6, STM32G414VBT3, STM32G414VBT6, STM32G414VCT3, STM32G414VCT6, STM32G431CBT3Z, STM32G431RBT3Z, STM32G471CCT6, STM32G471CCU6, STM32G471CET3, STM32G471CET6, STM32G471CEU3, STM32G471CEU6, STM32G471MCT6, STM32G471MET3, STM32G471MET6, STM32G471MEY6TR, STM32G471QCT6, STM32G471QET3, STM32G471RCT6, STM32G471RET3, STM32G471RET6, STM32G471VCH6, STM32G471VCI6, STM32G471VCT6, STM32G471VEH3, STM32G471VEH6, STM32G471VEI3, STM32G471VEI6, STM32G471VET3, STM32G471VET6, STM32G473QET3Z, STM32G473RET3Z, STM32G474CCT6, STM32G491RET3Z, STM32H503CBT6, STM32H503CBU6, STM32H503EBY6TR, STM32H503KBU6, STM32H503RBT6, STM32H523CCT6, STM32H523CCU6, STM32H523CET6, STM32H523CEU6, STM32H523HEY6TR, STM32H523RCT6, STM32H523RET6, STM32H523VCI6, STM32H523VCT6, STM32H523VEI6, STM32H523VET6, STM32H523ZCJ6, STM32H523ZCT6, STM32H523ZEJ6, STM32H523ZET6, STM32H533CET6, STM32H533CEU6, STM32H533HEY6TR, STM32H533RET6, STM32H533VEI6, STM32H533VET6, STM32H533ZEJ6, STM32H533ZET6, STM32H562AGI6, STM32H562AII6, STM32H562IGK6, STM32H562IGT6, STM32H562IIK6, STM32H562IIT6, STM32H562RGT6, STM32H562RGV6, STM32H562RIT6, STM32H562RIV6, STM32H562VGT6, STM32H562VIT6, STM32H562ZGT6, STM32H562ZIT6, STM32H563AGI6, STM32H563AII3Q, STM32H563AII6, STM32H563IGK6, STM32H563IGT6, STM32H563IIK3Q, STM32H563IIK6, STM32H563IIT3Q, STM32H563IIT6, STM32H563MIY3QTR, STM32H563RGT6, STM32H563RGV6, STM32H563RIT6, STM32H563RIV6, STM32H563VGT6, STM32H563VIT3Q, STM32H563VIT6, STM32H563ZGT6, STM32H563ZIT3Q, STM32H563ZIT6, STM32H573AII3Q, STM32H573AII6, STM32H573I-DK, STM32H573IIK3Q, STM32H573IIK6, STM32H573IIT3Q, STM32H573IIT6, STM32H573MIY3QTR, STM32H573RIT6, STM32H573RIV6, STM32H573VIT3Q, STM32H573VIT6, STM32H573ZIT3Q, STM32H573ZIT6, STM32H7R3A8I6, STM32H7R3I8K6, STM32H7R3I8T6, STM32H7R3L8H6, STM32H7R3L8H6H, STM32H7R3R8V6, STM32H7R3V8H6, STM32H7R3V8T6, STM32H7R3V8Y6TR, STM32H7R3Z8J6, STM32H7R3Z8T6, STM32H7R7A8I6, STM32H7R7I8K6, STM32H7R7I8T6, STM32H7R7L8H6, STM32H7R7L8H6H, STM32H7R7Z8J6, STM32H7S3A8I6, STM32H7S3I8K6, STM32H7S3I8T6, STM32H7S3L8H6, STM32H7S3L8H6H, STM32H7S3R8V6, STM32H7S3V8H6, STM32H7S3V8T6, STM32H7S3V8Y6TR, STM32H7S3Z8J6, STM32H7S3Z8T6, STM32H7S78-DK, STM32H7S7A8I6, STM32H7S7I8K6, STM32H7S7I8T6, STM32H7S7L8H6, STM32H7S7L8H6H, STM32H7S7Z8J6, STM32L4R5QGI6STR, STM32MP131AAE3, STM32MP131AAF3, STM32MP131AAG3, STM32MP131CAE3, STM32MP131CAF3, STM32MP131CAG3, STM32MP131DAE7, STM32MP131DAF7, STM32MP131DAG7, STM32MP131FAE7, STM32MP131FAF7, STM32MP131FAG7, STM32MP133AAE3, STM32MP133AAF3, STM32MP133AAG3, STM32MP133CAE3, STM32MP133CAF3, STM32MP133CAG3, STM32MP133DAE7, STM32MP133DAF7, STM32MP133DAG7, STM32MP133FAE7, STM32MP133FAF7, STM32MP133FAG7, STM32MP135AAE3, STM32MP135AAF3, STM32MP135AAG3, STM32MP135CAE3, STM32MP135CAF3, STM32MP135CAG3, STM32MP135DAE7, STM32MP135DAF7, STM32MP135DAG7, STM32MP135F-DK, STM32MP135FAE7, STM32MP135FAF7, STM32MP135FAF7T, STM32MP135FAF7U, STM32MP135FAG7, STM32MP231AAJ3, STM32MP231AAK3, STM32MP231AAL3, STM32MP231CAJ3, STM32MP231CAK3, STM32MP231CAL3, STM32MP231DAJ3, STM32MP231DAK3, STM32MP231DAL3, STM32MP231FAJ3, STM32MP231FAK3, STM32MP231FAL3, STM32MP233AAJ3, STM32MP233AAK3, STM32MP233AAL3, STM32MP233CAJ3, STM32MP233CAK3, STM32MP233CAL3, STM32MP233DAJ3, STM32MP233DAK3, STM32MP233DAL3, STM32MP233FAJ3, STM32MP233FAK3, STM32MP233FAL3, STM32MP235AAJ3, STM32MP235AAK3, STM32MP235AAL3, STM32MP235CAJ3, STM32MP235CAK3, STM32MP235CAL3, STM32MP235DAJ3, STM32MP235DAK3, STM32MP235DAL3, STM32MP235FAJ3, STM32MP235FAK3, STM32MP235FAL3, STM32MP251AAI3, STM32MP251AAJ3, STM32MP251AAK3, STM32MP251AAL3, STM32MP251CAI3, STM32MP251CAJ3, STM32MP251CAK3, STM32MP251CAL3, STM32MP251DAI3, STM32MP251DAJ3, STM32MP251DAK3, STM32MP251DAL3, STM32MP251FAI3, STM32MP251FAJ3, STM32MP251FAK3, STM32MP251FAL3, STM32MP253AAI3, STM32MP253AAJ3, STM32MP253AAK3, STM32MP253AAL3, STM32MP253CAI3, STM32MP253CAJ3, STM32MP253CAK3, STM32MP253CAL3, STM32MP253DAI3, STM32MP253DAJ3, STM32MP253DAK3, STM32MP253DAL3, STM32MP253FAI3, STM32MP253FAJ3, STM32MP253FAK3, STM32MP253FAL3, STM32MP255AAI3, STM32MP255AAJ3, STM32MP255AAK3, STM32MP255AAL3, STM32MP255CAI3, STM32MP255CAJ3, STM32MP255CAK3, STM32MP255CAL3, STM32MP255DAI3, STM32MP255DAJ3, STM32MP255DAK3, STM32MP255DAL3, STM32MP255FAI3, STM32MP255FAJ3, STM32MP255FAK3, STM32MP255FAL3, STM32MP257AAI3, STM32MP257AAJ3, STM32MP257AAK3, STM32MP257AAL3, STM32MP257CAI3, STM32MP257CAJ3, STM32MP257CAK3, STM32MP257CAL3, STM32MP257DAI3, STM32MP257DAJ3, STM32MP257DAK3, STM32MP257DAL3, STM32MP257F-DK, STM32MP257F-EV1, STM32MP257FAI3, STM32MP257FAJ3, STM32MP257FAK3, STM32MP257FAL3, STM32N645A0H3Q, STM32N645B0H3Q, STM32N645I0H3Q, STM32N645L0H3Q, STM32N645X0H3Q, STM32N645Z0H3Q, STM32N647A0H3Q, STM32N647B0H3Q, STM32N647I0H3Q, STM32N647L0H3Q, STM32N647X0H3Q, STM32N647Z0H3Q, STM32N655A0H3Q, STM32N655B0H3Q, STM32N655I0H3Q, STM32N655L0H3Q, STM32N655X0H3Q, STM32N655Z0H3Q, STM32N6570-DK, STM32N657A0H3Q, STM32N657B0H3Q, STM32N657I0H3Q, STM32N657L0H3Q, STM32N657X0H3Q, STM32N657Z0H3Q, STM32U031C6T6, STM32U031C6U6, STM32U031C8T6, STM32U031C8U6, STM32U031F4P6, STM32U031F6P6, STM32U031F8P6, STM32U031G6Y6TR, STM32U031G8Y6TR, STM32U031K4U6, STM32U031K6U6, STM32U031K8U6, STM32U031R6I6, STM32U031R6T6, STM32U031R8I6, STM32U031R8T6, STM32U073C8T6, STM32U073C8U6, STM32U073CBT6, STM32U073CBU6, STM32U073CCT6, STM32U073CCU6, STM32U073H8Y6TR, STM32U073HBY6TR, STM32U073HCY6TR, STM32U073K8U6, STM32U073KBU6, STM32U073KCU6, STM32U073M8I6, STM32U073M8T6, STM32U073MBI6, STM32U073MBT6, STM32U073MCI6, STM32U073MCT6, STM32U073R8I6, STM32U073R8T6, STM32U073RBI6, STM32U073RBT6, STM32U073RCI6, STM32U073RCT6, STM32U083C-DK, STM32U083CCT6, STM32U083CCU6, STM32U083HCY6TR, STM32U083KCU6, STM32U083MCI6, STM32U083MCT6, STM32U083RCI6, STM32U083RCT6, STM32U375CET6, STM32U375CET6Q, STM32U375CEU6, STM32U375CEU6Q, STM32U375CEY6QTR, STM32U375CGT6, STM32U375CGT6Q, STM32U375CGU6, STM32U375CGU6Q, STM32U375CGY6QTR, STM32U375KEU6, STM32U375KGU6, STM32U375REI6, STM32U375REI6Q, STM32U375RET6, STM32U375RET6Q, STM32U375REY6GTR, STM32U375REY6QTR, STM32U375RGI6, STM32U375RGI6Q, STM32U375RGT6, STM32U375RGT6Q, STM32U375RGY6GTR, STM32U375RGY6QTR, STM32U375VEI6, STM32U375VEI6Q, STM32U375VET6, STM32U375VET6Q, STM32U375VGI6, STM32U375VGI6Q, STM32U375VGT6, STM32U375VGT6Q, STM32U385CGT6, STM32U385CGT6Q, STM32U385CGU6, STM32U385CGU6Q, STM32U385CGY6QTR, STM32U385KGU6, STM32U385RGI6, STM32U385RGI6Q, STM32U385RGT6, STM32U385RGT6Q, STM32U385RGY6GTR, STM32U385RGY6QTR, STM32U385VGI6, STM32U385VGI6Q, STM32U385VGT6, STM32U385VGT6Q, STM32U535CBT6, STM32U535CBT6Q, STM32U535CBU6, STM32U535CBU6Q, STM32U535CCT6, STM32U535CCT6Q, STM32U535CCU6, STM32U535CCU6Q, STM32U535CET6, STM32U535CET6Q, STM32U535CEU6, STM32U535CEU6Q, STM32U535JEY6QTR, STM32U535NCY6QTR, STM32U535NEY6QTR, STM32U535RBI6, STM32U535RBI6Q, STM32U535RBT6, STM32U535RBT6Q, STM32U535RCI6, STM32U535RCI6Q, STM32U535RCT6, STM32U535RCT6Q, STM32U535REI6, STM32U535REI6Q, STM32U535RET6, STM32U535RET6Q, STM32U535VCI6, STM32U535VCI6Q, STM32U535VCT6, STM32U535VCT6Q, STM32U535VEI6, STM32U535VEI6Q, STM32U535VET6, STM32U535VET6Q, STM32U545CET6, STM32U545CET6Q, STM32U545CEU6, STM32U545CEU6Q, STM32U545JEY6QTR, STM32U545NEY6QTR, STM32U545REI6, STM32U545REI6Q, STM32U545RET6, STM32U545RET6Q, STM32U545VEI6, STM32U545VEI6Q, STM32U545VET6, STM32U545VET6Q, STM32U595AIH6, STM32U595AIH6Q, STM32U595AJH6, STM32U595AJH6Q, STM32U595QII6, STM32U595QII6Q, STM32U595QJI6, STM32U595QJI6Q, STM32U595RIT6, STM32U595RIT6Q, STM32U595RJT6, STM32U595RJT6Q, STM32U595VIT6, STM32U595VIT6Q, STM32U595VJT6, STM32U595VJT6Q, STM32U595ZIT6, STM32U595ZIT6Q, STM32U595ZIY6QTR, STM32U595ZJT6, STM32U595ZJT6Q, STM32U595ZJY6QTR, STM32U599BJY6QTR, STM32U599NIH6Q, STM32U599NJH6Q, STM32U599VIT6Q, STM32U599VJT6, STM32U599VJT6Q, STM32U599ZIT6Q, STM32U599ZIY6QTR, STM32U599ZJT6Q, STM32U599ZJY6QTR, STM32U5A5AJH6, STM32U5A5AJH6Q, STM32U5A5QII3Q , STM32U5A5QJI6, STM32U5A5QJI6Q, STM32U5A5RJT6, STM32U5A5RJT6Q, STM32U5A5VJT6, STM32U5A5VJT6Q, STM32U5A5ZJT6, STM32U5A5ZJT6Q, STM32U5A5ZJY6QTR, STM32U5A9BJY6QTR, STM32U5A9J-DK, STM32U5A9NJH6Q, STM32U5A9VJT6Q, STM32U5A9ZJT6Q, STM32U5A9ZJY6QTR, STM32U5F7VIT6, STM32U5F7VIT6Q, STM32U5F7VJT6, STM32U5F7VJT6Q, STM32U5F9BJY6QTR, STM32U5F9NJH6Q, STM32U5F9VIT6Q, STM32U5F9VJT6Q, STM32U5F9ZIJ6QTR, STM32U5F9ZIT6Q, STM32U5F9ZJJ6QTR, STM32U5F9ZJT6Q, STM32U5G7VJT6, STM32U5G7VJT6Q, STM32U5G9BJY6QTR, STM32U5G9J-DK1, STM32U5G9J-DK2, STM32U5G9NJH6Q, STM32U5G9VJT6Q, STM32U5G9ZJJ6QTR, STM32U5G9ZJT6Q, STM32WB05KZV6TR, STM32WB05KZV7TR, STM32WB05TZF6TR, STM32WB05TZF7TR, STM32WB06CCF6TR, STM32WB06CCF7TR, STM32WB06CCV6TR, STM32WB06CCV7TR, STM32WB06KCV6TR, STM32WB06KCV7TR, STM32WB07CCF6TR, STM32WB07CCF7TR, STM32WB07CCV6TR, STM32WB07CCV7TR, STM32WB07KCV6TR, STM32WB07KCV7TR, STM32WB09KEV6TR, STM32WB09KEV7TR, STM32WB09TEF6TR, STM32WB09TEF7TR, STM32WB1MMCH6, STM32WBA50KGU6, STM32WBA50KGU6TR, STM32WBA52CEU6, STM32WBA52CEU6TR, STM32WBA52CEU7, STM32WBA52CEU7TR, STM32WBA52CGU6, STM32WBA52CGU6TR, STM32WBA52CGU6U, STM32WBA52CGU7, STM32WBA52CGU7TR, STM32WBA52KEU6, STM32WBA52KEU6TR, STM32WBA52KGU6, STM32WBA52KGU6TR, STM32WBA54CEU6, STM32WBA54CEU6TR, STM32WBA54CEU7, STM32WBA54CEU7TR, STM32WBA54CGU6, STM32WBA54CGU6TR, STM32WBA54CGU7, STM32WBA54CGU7TR, STM32WBA54KEU6, STM32WBA54KEU6TR, STM32WBA54KEU7, STM32WBA54KEU7TR, STM32WBA54KGU6, STM32WBA54KGU6TR, STM32WBA54KGU7, STM32WBA54KGU7TR, STM32WBA55CEU6, STM32WBA55CEU6TR, STM32WBA55CEU7, STM32WBA55CEU7TR, STM32WBA55CGU6, STM32WBA55CGU6TR, STM32WBA55CGU6U, STM32WBA55CGU7, STM32WBA55CGU7TR, STM32WBA55G-DK1, STM32WBA55HEF6, STM32WBA55HEF7, STM32WBA55HGF6, STM32WBA55HGF7, STM32WBA55UEI6, STM32WBA55UEI6TR, STM32WBA55UEI7, STM32WBA55UEI7TR, STM32WBA55UGI6, STM32WBA55UGI6TR, STM32WBA55UGI7, STM32WBA55UGI7TR, STM32WBA5MJGH6TR, STM32WBA62CGU6, STM32WBA62CIU6, STM32WBA62MGF6, STM32WBA62MIF6, STM32WBA62PGI6, STM32WBA62PII6, STM32WBA63CGU6, STM32WBA63CGU7, STM32WBA63CIU6, STM32WBA63CIU7, STM32WBA64CGU6, STM32WBA64CGU7, STM32WBA64CIU6, STM32WBA64CIU7, STM32WBA65CGU6, STM32WBA65CGU7, STM32WBA65CIU6, STM32WBA65CIU7, STM32WBA65I-DK1, STM32WBA65MGF6, STM32WBA65MGF7, STM32WBA65MIF6, STM32WBA65MIF7, STM32WBA65PGI6, STM32WBA65PGI7, STM32WBA65PII6, STM32WBA65PII7, STM32WBA65RGV6, STM32WBA65RGV7, STM32WBA65RIV6, STM32WBA65RIV7, STM32WL30K8V6, STM32WL30KBV6, STM32WL31C8V6, STM32WL31CBV6, STM32WL31K8V6, STM32WL31KBV6, STM32WL33C8V6, STM32WL33C8V6TR, STM32WL33C8V7, STM32WL33C8V7TR, STM32WL33CBV6, STM32WL33CBV6TR, STM32WL33CBV7, STM32WL33CBV7TR, STM32WL33CCV6, STM32WL33CCV6TR, STM32WL33CCV7, STM32WL33CCV7A, STM32WL33CCV7ATR, STM32WL33CCV7TR, STM32WL33K8V6, STM32WL33K8V6TR, STM32WL33K8V7, STM32WL33K8V7TR, STM32WL33KBV6, STM32WL33KBV6TR, STM32WL33KBV7, STM32WL33KBV7TR, STM32WL33KCV6, STM32WL33KCV6TR, STM32WL33KCV7, STM32WL33KCV7TR, STM32WL5MOCH6, STM32WL5MOCH6TR]
2025-10-04 11:37:00,851 [INFO] BoardInfo:889 - No configuration file found for board P-NUCLEO-WB55
2025-10-04 11:37:00,853 [INFO] DbBoards:161 - Kit is not supported: P-NUCLEO-WB55
2025-10-04 11:37:00,860 [INFO] BoardInfo:889 - No configuration file found for board STEVAL-BFA001V1B
2025-10-04 11:37:00,862 [INFO] DbBoards:161 - Kit is not supported: STEVAL-BFA001V1B
2025-10-04 11:37:00,862 [INFO] BoardInfo:889 - No configuration file found for board STEVAL-BFA001V2B
2025-10-04 11:37:00,864 [INFO] DbBoards:161 - Kit is not supported: STEVAL-BFA001V2B
2025-10-04 11:37:01,104 [INFO] DbBoards:168 - Found 211 boards, 208 are supported
2025-10-04 11:37:01,105 [INFO] DbBoards:169 - Found 211 boards, 43 of them is supported for  Bsp
2025-10-04 11:37:01,107 [INFO] ApiDb:423 - Load user favorites file C:\Users\2939K/.stm32cubeide/favorites.boards.txt: 2 item(s)
2025-10-04 11:37:01,107 [INFO] ApiDb:427 - User favorites Boards=[NUCLEO-F746ZG, NUCLEO-F767ZI]
2025-10-04 11:37:01,107 [INFO] DbBoards:198 - Set 2 / 2 favorites Boards
2025-10-04 11:37:01,110 [INFO] ApiDb:668 - CubeFinder database Data Model version=2.1
2025-10-04 11:37:01,110 [INFO] ApiDb:669 - CubeFinder database Configuration version=3.0.39
2025-10-04 11:37:01,110 [INFO] ApiDb:670 - CubeFinder database generation date=2025-08-25 (1756130511)
2025-10-04 11:37:01,110 [INFO] ApiDb:671 - CubeFinder database FW Pack versions=[FP-ATR-ASTRA1_V2.0.0, FP-SNS-FLIGHT1_V5.1.0, FP-SNS-MOTENV1_V5.0.0, FP-SNS-MOTENVWB1_V1.4.0, FP-SNS-SMARTAG2_V1.2.0, FP-SNS-STBOX1_V2.1.0, STM32Cube_FW_C0_V1.4.0, STM32Cube_FW_F4_V1.28.3, STM32Cube_FW_F7_V1.17.4, STM32Cube_FW_G0_V1.6.2, STM32Cube_FW_G4_V1.6.1, STM32Cube_FW_H5_V1.5.0, STM32Cube_FW_H7RS_V1.2.0, STM32Cube_FW_H7_V1.12.1, STM32Cube_FW_L0_V1.12.2, STM32Cube_FW_L4_V1.18.1, STM32Cube_FW_L5_V1.5.1, STM32Cube_FW_N6_V1.2.0, STM32Cube_FW_U0_V1.3.0, STM32Cube_FW_U3_V1.2.0, STM32Cube_FW_U5_V1.8.0, STM32Cube_FW_WB0_V1.3.0, STM32Cube_FW_WBA_V1.7.0, STM32Cube_FW_WB_V1.23.0, STM32Cube_FW_WL3_V1.2.0, STM32Cube_FW_WL_V1.3.1, X-CUBE-ALGOBUILD_V1.4.0, X-CUBE-ALS_V1.0.2, X-CUBE-AZRTOS-F4_V1.1.0, X-CUBE-AZRTOS-F7_V1.1.0, X-CUBE-AZRTOS-G0_V1.1.0, X-CUBE-AZRTOS-G4_V2.0.0, X-CUBE-AZRTOS-H7RS_V1.1.0, X-CUBE-AZRTOS-H7_V3.4.0, X-CUBE-AZRTOS-L4_V2.0.0, X-CUBE-AZRTOS-L5_V2.0.0, X-CUBE-AZRTOS-WB_V2.0.0, X-CUBE-AZRTOS-WL_V2.0.0, X-CUBE-BLE1_V7.1.0, X-CUBE-BLE2_V3.3.0, X-CUBE-BLEMGR_V4.1.0, X-CUBE-EEPRMA1_V5.2.0, X-CUBE-FREERTOS_V1.3.1, X-CUBE-GNSS1_V6.0.0, X-CUBE-MEMS1_V11.3.0, X-CUBE-NFC4_V3.0.0, X-CUBE-NFC7_V2.0.0, X-CUBE-SFXS2LP1_V4.0.0, X-CUBE-ST67W61_V1.0.0, X-CUBE-SUBG2_V5.0.0, X-CUBE-TOF1_V3.4.3]
2025-10-04 11:37:01,195 [ERROR] LogOutputStream:75 - [STDERR_REDIRECT] [Fatal Error] :1:1: Premature end of file.
2025-10-04 11:37:01,196 [ERROR] LogOutputStream:75 - [STDERR_REDIRECT] 
2025-10-04 11:37:01,678 [ERROR] DbExamplesSqlite:437 - Missing JSON key: board_cpn
2025-10-04 11:37:01,678 [ERROR] DbExamplesSqlite:437 - Missing JSON key: board_cpn
2025-10-04 11:37:01,678 [ERROR] DbExamplesSqlite:437 - Missing JSON key: board_cpn
2025-10-04 11:37:01,679 [ERROR] DbExamplesSqlite:437 - Missing JSON key: board_cpn
2025-10-04 11:37:01,948 [ERROR] DbExamplesSqlite:437 - Missing JSON key: board_cpn
2025-10-04 11:37:01,948 [ERROR] DbExamplesSqlite:437 - Missing JSON key: board_cpn
2025-10-04 11:37:01,951 [INFO] DbExamplesSqlite:395 - Ignored 33 examples not supported by CubeIDE
2025-10-04 11:37:01,951 [INFO] DbExamplesSqlite:396 - Found 10871 examples active
2025-10-04 11:37:01,952 [INFO] DbExamplesSqlite:397 - Found 0 examples obsolete
2025-10-04 11:37:01,952 [INFO] DbExamplesSqlite:398 - Found 0 examples under development
2025-10-04 11:37:01,952 [INFO] DbExamplesSqlite:399 - Found 65 examples not building
2025-10-04 11:37:01,955 [INFO] DbExamples:125 - Found 10903 examples
2025-10-04 11:37:01,971 [INFO] DbExamples:222 - Found 134 boards with related examples
2025-10-04 11:37:01,973 [INFO] DbExamples:235 - Found 111 MCUs with related examples
2025-10-04 11:37:01,996 [INFO] ApiDb:423 - Load user favorites file C:\Users\2939K/.stm32cubeide/favorites.examples.txt: 0 item(s)
2025-10-04 11:37:01,996 [INFO] ApiDb:427 - User favorites Examples=[]
2025-10-04 11:37:01,996 [INFO] DbExamples:250 - Set 0 / 0 favorites Examples
2025-10-04 11:37:02,135 [INFO] McuFinderGlobals:76 - Set McuFinderConnectedMode to true
2025-10-04 11:37:02,143 [INFO] MultiScanPanel:200 - Auto-refresh data requested => check proxy status ongoing
2025-10-04 11:37:02,147 [INFO] FinderPluginLoader:95 - Searching for filters in installed packs
2025-10-04 11:37:02,197 [ERROR] LogOutputStream:75 - [STDERR_REDIRECT] [Fatal Error] :1:1: Premature end of file.
2025-10-04 11:37:02,197 [ERROR] LogOutputStream:75 - [STDERR_REDIRECT] 
2025-10-04 11:37:03,200 [ERROR] LogOutputStream:75 - [STDERR_REDIRECT] [Fatal Error] :1:1: Premature end of file.
2025-10-04 11:37:03,200 [ERROR] LogOutputStream:75 - [STDERR_REDIRECT] 
2025-10-04 11:37:03,436 [INFO] LoadUrlFilesThread:185 - End of LoadServerUrlFiles without Thread
2025-10-04 11:37:03,445 [INFO] DetailPanel:341 - Set advertising image to C:/Users/2939K/STM32Cube/Repository/\en.mcu-finder-stm32n6dk.jpg
2025-10-04 11:37:04,191 [ERROR] LogOutputStream:75 - [STDERR_REDIRECT] [Fatal Error] :1:1: Premature end of file.
2025-10-04 11:37:04,192 [ERROR] LogOutputStream:75 - [STDERR_REDIRECT] 
2025-10-04 11:37:05,191 [ERROR] LogOutputStream:75 - [STDERR_REDIRECT] [Fatal Error] :1:1: Premature end of file.
2025-10-04 11:37:05,191 [ERROR] LogOutputStream:75 - [STDERR_REDIRECT] 
2025-10-04 11:37:06,190 [ERROR] LogOutputStream:75 - [STDERR_REDIRECT] [Fatal Error] :1:1: Premature end of file.
2025-10-04 11:37:06,190 [ERROR] LogOutputStream:75 - [STDERR_REDIRECT] 
2025-10-04 11:37:07,185 [ERROR] LogOutputStream:75 - [STDERR_REDIRECT] [Fatal Error] :1:1: Premature end of file.
2025-10-04 11:37:07,185 [ERROR] LogOutputStream:75 - [STDERR_REDIRECT] 
2025-10-04 11:37:08,189 [ERROR] LogOutputStream:75 - [STDERR_REDIRECT] [Fatal Error] :1:1: Premature end of file.
2025-10-04 11:37:08,190 [ERROR] LogOutputStream:75 - [STDERR_REDIRECT] 
2025-10-04 11:37:09,220 [ERROR] LogOutputStream:75 - [STDERR_REDIRECT] [Fatal Error] :1:1: Premature end of file.
2025-10-04 11:37:09,220 [ERROR] LogOutputStream:75 - [STDERR_REDIRECT] 
2025-10-04 11:37:10,187 [ERROR] LogOutputStream:75 - [STDERR_REDIRECT] [Fatal Error] :1:1: Premature end of file.
2025-10-04 11:37:10,188 [ERROR] LogOutputStream:75 - [STDERR_REDIRECT] 
2025-10-04 11:37:11,188 [ERROR] LogOutputStream:75 - [STDERR_REDIRECT] [Fatal Error] :1:1: Premature end of file.
2025-10-04 11:37:11,188 [ERROR] LogOutputStream:75 - [STDERR_REDIRECT] 
2025-10-04 11:37:12,187 [ERROR] LogOutputStream:75 - [STDERR_REDIRECT] [Fatal Error] :1:1: Premature end of file.
2025-10-04 11:37:12,187 [ERROR] LogOutputStream:75 - [STDERR_REDIRECT] 
2025-10-04 11:37:13,188 [ERROR] LogOutputStream:75 - [STDERR_REDIRECT] [Fatal Error] :1:1: Premature end of file.
2025-10-04 11:37:13,189 [ERROR] LogOutputStream:75 - [STDERR_REDIRECT] 
2025-10-04 11:37:14,192 [ERROR] LogOutputStream:75 - [STDERR_REDIRECT] [Fatal Error] :1:1: Premature end of file.
2025-10-04 11:37:14,192 [ERROR] LogOutputStream:75 - [STDERR_REDIRECT] 
2025-10-04 11:37:15,222 [ERROR] LogOutputStream:75 - [STDERR_REDIRECT] [Fatal Error] :1:1: Premature end of file.
2025-10-04 11:37:15,222 [ERROR] LogOutputStream:75 - [STDERR_REDIRECT] 
2025-10-04 11:37:16,271 [ERROR] LogOutputStream:75 - [STDERR_REDIRECT] [Fatal Error] :1:1: Premature end of file.
2025-10-04 11:37:16,272 [ERROR] LogOutputStream:75 - [STDERR_REDIRECT] 
2025-10-04 11:37:17,198 [ERROR] LogOutputStream:75 - [STDERR_REDIRECT] [Fatal Error] :1:1: Premature end of file.
2025-10-04 11:37:17,198 [ERROR] LogOutputStream:75 - [STDERR_REDIRECT] 
2025-10-04 11:37:18,191 [ERROR] LogOutputStream:75 - [STDERR_REDIRECT] [Fatal Error] :1:1: Premature end of file.
2025-10-04 11:37:18,191 [ERROR] LogOutputStream:75 - [STDERR_REDIRECT] 
2025-10-04 11:37:19,275 [ERROR] LogOutputStream:75 - [STDERR_REDIRECT] [Fatal Error] :1:1: Premature end of file.
2025-10-04 11:37:19,277 [ERROR] LogOutputStream:75 - [STDERR_REDIRECT] 
2025-10-04 11:37:20,204 [ERROR] LogOutputStream:75 - [STDERR_REDIRECT] [Fatal Error] :1:1: Premature end of file.
2025-10-04 11:37:20,205 [ERROR] LogOutputStream:75 - [STDERR_REDIRECT] 
2025-10-04 11:37:21,214 [ERROR] LogOutputStream:75 - [STDERR_REDIRECT] [Fatal Error] :1:1: Premature end of file.
2025-10-04 11:37:21,214 [ERROR] LogOutputStream:75 - [STDERR_REDIRECT] 
2025-10-04 11:37:22,202 [ERROR] LogOutputStream:75 - [STDERR_REDIRECT] [Fatal Error] :1:1: Premature end of file.
2025-10-04 11:37:22,202 [ERROR] LogOutputStream:75 - [STDERR_REDIRECT] 
2025-10-04 11:37:23,201 [ERROR] LogOutputStream:75 - [STDERR_REDIRECT] [Fatal Error] :1:1: Premature end of file.
2025-10-04 11:37:23,201 [ERROR] LogOutputStream:75 - [STDERR_REDIRECT] 
2025-10-04 11:37:24,203 [ERROR] LogOutputStream:75 - [STDERR_REDIRECT] [Fatal Error] :1:1: Premature end of file.
2025-10-04 11:37:24,203 [ERROR] LogOutputStream:75 - [STDERR_REDIRECT] 
2025-10-04 11:37:25,222 [ERROR] LogOutputStream:75 - [STDERR_REDIRECT] [Fatal Error] :1:1: Premature end of file.
2025-10-04 11:37:25,222 [ERROR] LogOutputStream:75 - [STDERR_REDIRECT] 
2025-10-04 11:37:26,201 [ERROR] LogOutputStream:75 - [STDERR_REDIRECT] [Fatal Error] :1:1: Premature end of file.
2025-10-04 11:37:26,202 [ERROR] LogOutputStream:75 - [STDERR_REDIRECT] 
2025-10-04 11:37:27,186 [ERROR] LogOutputStream:75 - [STDERR_REDIRECT] [Fatal Error] :1:1: Premature end of file.
2025-10-04 11:37:27,186 [ERROR] LogOutputStream:75 - [STDERR_REDIRECT] 
2025-10-04 11:37:28,195 [ERROR] LogOutputStream:75 - [STDERR_REDIRECT] [Fatal Error] :1:1: Premature end of file.
2025-10-04 11:37:28,195 [ERROR] LogOutputStream:75 - [STDERR_REDIRECT] 
2025-10-04 11:37:29,194 [ERROR] LogOutputStream:75 - [STDERR_REDIRECT] [Fatal Error] :1:1: Premature end of file.
2025-10-04 11:37:29,194 [ERROR] LogOutputStream:75 - [STDERR_REDIRECT] 
2025-10-04 11:37:30,190 [ERROR] LogOutputStream:75 - [STDERR_REDIRECT] [Fatal Error] :1:1: Premature end of file.
2025-10-04 11:37:30,190 [ERROR] LogOutputStream:75 - [STDERR_REDIRECT] 
2025-10-04 11:37:31,186 [ERROR] LogOutputStream:75 - [STDERR_REDIRECT] [Fatal Error] :1:1: Premature end of file.
2025-10-04 11:37:31,186 [ERROR] LogOutputStream:75 - [STDERR_REDIRECT] 
2025-10-04 11:37:32,209 [ERROR] LogOutputStream:75 - [STDERR_REDIRECT] [Fatal Error] :1:1: Premature end of file.
2025-10-04 11:37:32,209 [ERROR] LogOutputStream:75 - [STDERR_REDIRECT] 
2025-10-04 11:37:33,195 [ERROR] LogOutputStream:75 - [STDERR_REDIRECT] [Fatal Error] :1:1: Premature end of file.
2025-10-04 11:37:33,195 [ERROR] LogOutputStream:75 - [STDERR_REDIRECT] 
2025-10-04 11:37:34,190 [ERROR] LogOutputStream:75 - [STDERR_REDIRECT] [Fatal Error] :1:1: Premature end of file.
2025-10-04 11:37:34,190 [ERROR] LogOutputStream:75 - [STDERR_REDIRECT] 
2025-10-04 11:37:35,200 [ERROR] LogOutputStream:75 - [STDERR_REDIRECT] [Fatal Error] :1:1: Premature end of file.
2025-10-04 11:37:35,200 [ERROR] LogOutputStream:75 - [STDERR_REDIRECT] 
2025-10-04 11:37:36,190 [ERROR] LogOutputStream:75 - [STDERR_REDIRECT] [Fatal Error] :1:1: Premature end of file.
2025-10-04 11:37:36,190 [ERROR] LogOutputStream:75 - [STDERR_REDIRECT] 
2025-10-04 11:37:37,188 [ERROR] LogOutputStream:75 - [STDERR_REDIRECT] [Fatal Error] :1:1: Premature end of file.
2025-10-04 11:37:37,189 [ERROR] LogOutputStream:75 - [STDERR_REDIRECT] 
2025-10-04 11:37:38,193 [ERROR] LogOutputStream:75 - [STDERR_REDIRECT] [Fatal Error] :1:1: Premature end of file.
2025-10-04 11:37:38,193 [ERROR] LogOutputStream:75 - [STDERR_REDIRECT] 
2025-10-04 11:37:39,184 [ERROR] LogOutputStream:75 - [STDERR_REDIRECT] [Fatal Error] :1:1: Premature end of file.
2025-10-04 11:37:39,184 [ERROR] LogOutputStream:75 - [STDERR_REDIRECT] 
2025-10-04 11:37:40,201 [ERROR] LogOutputStream:75 - [STDERR_REDIRECT] [Fatal Error] :1:1: Premature end of file.
2025-10-04 11:37:40,201 [ERROR] LogOutputStream:75 - [STDERR_REDIRECT] 
2025-10-04 11:37:41,186 [ERROR] LogOutputStream:75 - [STDERR_REDIRECT] [Fatal Error] :1:1: Premature end of file.
2025-10-04 11:37:41,186 [ERROR] LogOutputStream:75 - [STDERR_REDIRECT] 
2025-10-04 11:37:42,195 [ERROR] LogOutputStream:75 - [STDERR_REDIRECT] [Fatal Error] :1:1: Premature end of file.
2025-10-04 11:37:42,196 [ERROR] LogOutputStream:75 - [STDERR_REDIRECT] 
2025-10-04 11:37:43,190 [ERROR] LogOutputStream:75 - [STDERR_REDIRECT] [Fatal Error] :1:1: Premature end of file.
2025-10-04 11:37:43,190 [ERROR] LogOutputStream:75 - [STDERR_REDIRECT] 
2025-10-04 11:37:44,198 [ERROR] LogOutputStream:75 - [STDERR_REDIRECT] [Fatal Error] :1:1: Premature end of file.
2025-10-04 11:37:44,199 [ERROR] LogOutputStream:75 - [STDERR_REDIRECT] 
2025-10-04 11:37:45,191 [ERROR] LogOutputStream:75 - [STDERR_REDIRECT] [Fatal Error] :1:1: Premature end of file.
2025-10-04 11:37:45,191 [ERROR] LogOutputStream:75 - [STDERR_REDIRECT] 
2025-10-04 11:37:46,185 [ERROR] LogOutputStream:75 - [STDERR_REDIRECT] [Fatal Error] :1:1: Premature end of file.
2025-10-04 11:37:46,185 [ERROR] LogOutputStream:75 - [STDERR_REDIRECT] 
2025-10-04 11:37:47,200 [ERROR] LogOutputStream:75 - [STDERR_REDIRECT] [Fatal Error] :1:1: Premature end of file.
2025-10-04 11:37:47,200 [ERROR] LogOutputStream:75 - [STDERR_REDIRECT] 
2025-10-04 11:37:48,194 [ERROR] LogOutputStream:75 - [STDERR_REDIRECT] [Fatal Error] :1:1: Premature end of file.
2025-10-04 11:37:48,194 [ERROR] LogOutputStream:75 - [STDERR_REDIRECT] 
2025-10-04 11:37:49,205 [ERROR] LogOutputStream:75 - [STDERR_REDIRECT] [Fatal Error] :1:1: Premature end of file.
2025-10-04 11:37:49,205 [ERROR] LogOutputStream:75 - [STDERR_REDIRECT] 
2025-10-04 11:37:50,192 [ERROR] LogOutputStream:75 - [STDERR_REDIRECT] [Fatal Error] :1:1: Premature end of file.
2025-10-04 11:37:50,192 [ERROR] LogOutputStream:75 - [STDERR_REDIRECT] 
2025-10-04 11:37:51,206 [ERROR] LogOutputStream:75 - [STDERR_REDIRECT] [Fatal Error] :1:1: Premature end of file.
2025-10-04 11:37:51,206 [ERROR] LogOutputStream:75 - [STDERR_REDIRECT] 
2025-10-04 11:37:52,200 [ERROR] LogOutputStream:75 - [STDERR_REDIRECT] [Fatal Error] :1:1: Premature end of file.
2025-10-04 11:37:52,200 [ERROR] LogOutputStream:75 - [STDERR_REDIRECT] 
2025-10-04 11:37:53,200 [ERROR] LogOutputStream:75 - [STDERR_REDIRECT] [Fatal Error] :1:1: Premature end of file.
2025-10-04 11:37:53,200 [ERROR] LogOutputStream:75 - [STDERR_REDIRECT] 
2025-10-04 11:37:54,191 [ERROR] LogOutputStream:75 - [STDERR_REDIRECT] [Fatal Error] :1:1: Premature end of file.
2025-10-04 11:37:54,191 [ERROR] LogOutputStream:75 - [STDERR_REDIRECT] 
2025-10-04 11:37:55,188 [ERROR] LogOutputStream:75 - [STDERR_REDIRECT] [Fatal Error] :1:1: Premature end of file.
2025-10-04 11:37:55,188 [ERROR] LogOutputStream:75 - [STDERR_REDIRECT] 
2025-10-04 11:37:56,199 [ERROR] LogOutputStream:75 - [STDERR_REDIRECT] [Fatal Error] :1:1: Premature end of file.
2025-10-04 11:37:56,200 [ERROR] LogOutputStream:75 - [STDERR_REDIRECT] 
2025-10-04 11:37:57,190 [ERROR] LogOutputStream:75 - [STDERR_REDIRECT] [Fatal Error] :1:1: Premature end of file.
2025-10-04 11:37:57,190 [ERROR] LogOutputStream:75 - [STDERR_REDIRECT] 
2025-10-04 11:37:58,183 [ERROR] LogOutputStream:75 - [STDERR_REDIRECT] [Fatal Error] :1:1: Premature end of file.
2025-10-04 11:37:58,184 [ERROR] LogOutputStream:75 - [STDERR_REDIRECT] 
2025-10-04 11:37:59,196 [ERROR] LogOutputStream:75 - [STDERR_REDIRECT] [Fatal Error] :1:1: Premature end of file.
2025-10-04 11:37:59,196 [ERROR] LogOutputStream:75 - [STDERR_REDIRECT] 
2025-10-04 11:38:00,191 [ERROR] LogOutputStream:75 - [STDERR_REDIRECT] [Fatal Error] :1:1: Premature end of file.
2025-10-04 11:38:00,191 [ERROR] LogOutputStream:75 - [STDERR_REDIRECT] 
2025-10-04 11:38:01,191 [ERROR] LogOutputStream:75 - [STDERR_REDIRECT] [Fatal Error] :1:1: Premature end of file.
2025-10-04 11:38:01,191 [ERROR] LogOutputStream:75 - [STDERR_REDIRECT] 
2025-10-04 11:38:02,209 [ERROR] LogOutputStream:75 - [STDERR_REDIRECT] [Fatal Error] :1:1: Premature end of file.
2025-10-04 11:38:02,209 [ERROR] LogOutputStream:75 - [STDERR_REDIRECT] 
2025-10-04 11:38:03,194 [ERROR] LogOutputStream:75 - [STDERR_REDIRECT] [Fatal Error] :1:1: Premature end of file.
2025-10-04 11:38:03,195 [ERROR] LogOutputStream:75 - [STDERR_REDIRECT] 
2025-10-04 11:38:04,190 [ERROR] LogOutputStream:75 - [STDERR_REDIRECT] [Fatal Error] :1:1: Premature end of file.
2025-10-04 11:38:04,190 [ERROR] LogOutputStream:75 - [STDERR_REDIRECT] 
2025-10-04 11:38:05,195 [ERROR] LogOutputStream:75 - [STDERR_REDIRECT] [Fatal Error] :1:1: Premature end of file.
2025-10-04 11:38:05,195 [ERROR] LogOutputStream:75 - [STDERR_REDIRECT] 
2025-10-04 11:38:06,194 [ERROR] LogOutputStream:75 - [STDERR_REDIRECT] [Fatal Error] :1:1: Premature end of file.
2025-10-04 11:38:06,194 [ERROR] LogOutputStream:75 - [STDERR_REDIRECT] 
2025-10-04 11:38:07,186 [ERROR] LogOutputStream:75 - [STDERR_REDIRECT] [Fatal Error] :1:1: Premature end of file.
2025-10-04 11:38:07,186 [ERROR] LogOutputStream:75 - [STDERR_REDIRECT] 
2025-10-04 11:38:08,198 [ERROR] LogOutputStream:75 - [STDERR_REDIRECT] [Fatal Error] :1:1: Premature end of file.
2025-10-04 11:38:08,198 [ERROR] LogOutputStream:75 - [STDERR_REDIRECT] 
2025-10-04 11:38:09,194 [ERROR] LogOutputStream:75 - [STDERR_REDIRECT] [Fatal Error] :1:1: Premature end of file.
2025-10-04 11:38:09,194 [ERROR] LogOutputStream:75 - [STDERR_REDIRECT] 
2025-10-04 11:38:10,190 [ERROR] LogOutputStream:75 - [STDERR_REDIRECT] [Fatal Error] :1:1: Premature end of file.
2025-10-04 11:38:10,190 [ERROR] LogOutputStream:75 - [STDERR_REDIRECT] 
2025-10-04 11:38:11,202 [ERROR] LogOutputStream:75 - [STDERR_REDIRECT] [Fatal Error] :1:1: Premature end of file.
2025-10-04 11:38:11,202 [ERROR] LogOutputStream:75 - [STDERR_REDIRECT] 
2025-10-04 11:38:12,197 [ERROR] LogOutputStream:75 - [STDERR_REDIRECT] [Fatal Error] :1:1: Premature end of file.
2025-10-04 11:38:12,197 [ERROR] LogOutputStream:75 - [STDERR_REDIRECT] 
2025-10-04 11:38:13,202 [ERROR] LogOutputStream:75 - [STDERR_REDIRECT] [Fatal Error] :1:1: Premature end of file.
2025-10-04 11:38:13,203 [ERROR] LogOutputStream:75 - [STDERR_REDIRECT] 
2025-10-04 11:38:14,194 [ERROR] LogOutputStream:75 - [STDERR_REDIRECT] [Fatal Error] :1:1: Premature end of file.
2025-10-04 11:38:14,195 [ERROR] LogOutputStream:75 - [STDERR_REDIRECT] 
2025-10-04 11:38:15,200 [ERROR] LogOutputStream:75 - [STDERR_REDIRECT] [Fatal Error] :1:1: Premature end of file.
2025-10-04 11:38:15,200 [ERROR] LogOutputStream:75 - [STDERR_REDIRECT] 
2025-10-04 11:38:16,207 [ERROR] LogOutputStream:75 - [STDERR_REDIRECT] [Fatal Error] :1:1: Premature end of file.
2025-10-04 11:38:16,207 [ERROR] LogOutputStream:75 - [STDERR_REDIRECT] 
2025-10-04 11:38:17,192 [ERROR] LogOutputStream:75 - [STDERR_REDIRECT] [Fatal Error] :1:1: Premature end of file.
2025-10-04 11:38:17,192 [ERROR] LogOutputStream:75 - [STDERR_REDIRECT] 
2025-10-04 11:38:18,189 [ERROR] LogOutputStream:75 - [STDERR_REDIRECT] [Fatal Error] :1:1: Premature end of file.
2025-10-04 11:38:18,189 [ERROR] LogOutputStream:75 - [STDERR_REDIRECT] 
2025-10-04 11:38:19,195 [ERROR] LogOutputStream:75 - [STDERR_REDIRECT] [Fatal Error] :1:1: Premature end of file.
2025-10-04 11:38:19,196 [ERROR] LogOutputStream:75 - [STDERR_REDIRECT] 
2025-10-04 11:38:20,187 [ERROR] LogOutputStream:75 - [STDERR_REDIRECT] [Fatal Error] :1:1: Premature end of file.
2025-10-04 11:38:20,187 [ERROR] LogOutputStream:75 - [STDERR_REDIRECT] 
2025-10-04 11:38:21,196 [ERROR] LogOutputStream:75 - [STDERR_REDIRECT] [Fatal Error] :1:1: Premature end of file.
2025-10-04 11:38:21,196 [ERROR] LogOutputStream:75 - [STDERR_REDIRECT] 
2025-10-04 11:38:22,191 [ERROR] LogOutputStream:75 - [STDERR_REDIRECT] [Fatal Error] :1:1: Premature end of file.
2025-10-04 11:38:22,191 [ERROR] LogOutputStream:75 - [STDERR_REDIRECT] 
2025-10-04 11:38:23,185 [ERROR] LogOutputStream:75 - [STDERR_REDIRECT] [Fatal Error] :1:1: Premature end of file.
2025-10-04 11:38:23,186 [ERROR] LogOutputStream:75 - [STDERR_REDIRECT] 
2025-10-04 11:38:24,189 [ERROR] LogOutputStream:75 - [STDERR_REDIRECT] [Fatal Error] :1:1: Premature end of file.
2025-10-04 11:38:24,189 [ERROR] LogOutputStream:75 - [STDERR_REDIRECT] 
2025-10-04 11:38:25,199 [ERROR] LogOutputStream:75 - [STDERR_REDIRECT] [Fatal Error] :1:1: Premature end of file.
2025-10-04 11:38:25,199 [ERROR] LogOutputStream:75 - [STDERR_REDIRECT] 
2025-10-04 11:38:26,189 [ERROR] LogOutputStream:75 - [STDERR_REDIRECT] [Fatal Error] :1:1: Premature end of file.
2025-10-04 11:38:26,189 [ERROR] LogOutputStream:75 - [STDERR_REDIRECT] 
2025-10-04 11:38:27,184 [ERROR] LogOutputStream:75 - [STDERR_REDIRECT] [Fatal Error] :1:1: Premature end of file.
2025-10-04 11:38:27,184 [ERROR] LogOutputStream:75 - [STDERR_REDIRECT] 
2025-10-04 11:38:28,191 [ERROR] LogOutputStream:75 - [STDERR_REDIRECT] [Fatal Error] :1:1: Premature end of file.
2025-10-04 11:38:28,192 [ERROR] LogOutputStream:75 - [STDERR_REDIRECT] 
2025-10-04 11:38:29,184 [ERROR] LogOutputStream:75 - [STDERR_REDIRECT] [Fatal Error] :1:1: Premature end of file.
2025-10-04 11:38:29,184 [ERROR] LogOutputStream:75 - [STDERR_REDIRECT] 
2025-10-04 11:38:30,192 [ERROR] LogOutputStream:75 - [STDERR_REDIRECT] [Fatal Error] :1:1: Premature end of file.
2025-10-04 11:38:30,192 [ERROR] LogOutputStream:75 - [STDERR_REDIRECT] 
2025-10-04 11:38:31,186 [ERROR] LogOutputStream:75 - [STDERR_REDIRECT] [Fatal Error] :1:1: Premature end of file.
2025-10-04 11:38:31,187 [ERROR] LogOutputStream:75 - [STDERR_REDIRECT] 
2025-10-04 11:38:32,182 [ERROR] LogOutputStream:75 - [STDERR_REDIRECT] [Fatal Error] :1:1: Premature end of file.
2025-10-04 11:38:32,183 [ERROR] LogOutputStream:75 - [STDERR_REDIRECT] 
2025-10-04 11:38:33,220 [ERROR] LogOutputStream:75 - [STDERR_REDIRECT] [Fatal Error] :1:1: Premature end of file.
2025-10-04 11:38:33,220 [ERROR] LogOutputStream:75 - [STDERR_REDIRECT] 
2025-10-04 11:38:34,194 [ERROR] LogOutputStream:75 - [STDERR_REDIRECT] [Fatal Error] :1:1: Premature end of file.
2025-10-04 11:38:34,194 [ERROR] LogOutputStream:75 - [STDERR_REDIRECT] 
2025-10-04 11:38:35,191 [ERROR] LogOutputStream:75 - [STDERR_REDIRECT] [Fatal Error] :1:1: Premature end of file.
2025-10-04 11:38:35,191 [ERROR] LogOutputStream:75 - [STDERR_REDIRECT] 
2025-10-04 11:38:36,189 [ERROR] LogOutputStream:75 - [STDERR_REDIRECT] [Fatal Error] :1:1: Premature end of file.
2025-10-04 11:38:36,189 [ERROR] LogOutputStream:75 - [STDERR_REDIRECT] 
2025-10-04 11:38:37,198 [ERROR] LogOutputStream:75 - [STDERR_REDIRECT] [Fatal Error] :1:1: Premature end of file.
2025-10-04 11:38:37,198 [ERROR] LogOutputStream:75 - [STDERR_REDIRECT] 
2025-10-04 11:38:38,194 [ERROR] LogOutputStream:75 - [STDERR_REDIRECT] [Fatal Error] :1:1: Premature end of file.
2025-10-04 11:38:38,194 [ERROR] LogOutputStream:75 - [STDERR_REDIRECT] 
2025-10-04 11:38:39,187 [ERROR] LogOutputStream:75 - [STDERR_REDIRECT] [Fatal Error] :1:1: Premature end of file.
2025-10-04 11:38:39,187 [ERROR] LogOutputStream:75 - [STDERR_REDIRECT] 
2025-10-04 11:38:40,197 [ERROR] LogOutputStream:75 - [STDERR_REDIRECT] [Fatal Error] :1:1: Premature end of file.
2025-10-04 11:38:40,197 [ERROR] LogOutputStream:75 - [STDERR_REDIRECT] 
2025-10-04 11:38:41,191 [ERROR] LogOutputStream:75 - [STDERR_REDIRECT] [Fatal Error] :1:1: Premature end of file.
2025-10-04 11:38:41,191 [ERROR] LogOutputStream:75 - [STDERR_REDIRECT] 
2025-10-04 11:38:42,220 [ERROR] LogOutputStream:75 - [STDERR_REDIRECT] [Fatal Error] :1:1: Premature end of file.
2025-10-04 11:38:42,220 [ERROR] LogOutputStream:75 - [STDERR_REDIRECT] 
2025-10-04 11:38:43,198 [ERROR] LogOutputStream:75 - [STDERR_REDIRECT] [Fatal Error] :1:1: Premature end of file.
2025-10-04 11:38:43,198 [ERROR] LogOutputStream:75 - [STDERR_REDIRECT] 
2025-10-04 11:38:44,193 [ERROR] LogOutputStream:75 - [STDERR_REDIRECT] [Fatal Error] :1:1: Premature end of file.
2025-10-04 11:38:44,193 [ERROR] LogOutputStream:75 - [STDERR_REDIRECT] 
2025-10-04 11:38:45,186 [ERROR] LogOutputStream:75 - [STDERR_REDIRECT] [Fatal Error] :1:1: Premature end of file.
2025-10-04 11:38:45,187 [ERROR] LogOutputStream:75 - [STDERR_REDIRECT] 
2025-10-04 11:38:46,196 [ERROR] LogOutputStream:75 - [STDERR_REDIRECT] [Fatal Error] :1:1: Premature end of file.
2025-10-04 11:38:46,197 [ERROR] LogOutputStream:75 - [STDERR_REDIRECT] 
2025-10-04 11:38:47,189 [ERROR] LogOutputStream:75 - [STDERR_REDIRECT] [Fatal Error] :1:1: Premature end of file.
2025-10-04 11:38:47,189 [ERROR] LogOutputStream:75 - [STDERR_REDIRECT] 
2025-10-04 11:38:48,183 [ERROR] LogOutputStream:75 - [STDERR_REDIRECT] [Fatal Error] :1:1: Premature end of file.
2025-10-04 11:38:48,183 [ERROR] LogOutputStream:75 - [STDERR_REDIRECT] 
2025-10-04 11:38:49,197 [ERROR] LogOutputStream:75 - [STDERR_REDIRECT] [Fatal Error] :1:1: Premature end of file.
2025-10-04 11:38:49,197 [ERROR] LogOutputStream:75 - [STDERR_REDIRECT] 
2025-10-04 11:38:50,194 [ERROR] LogOutputStream:75 - [STDERR_REDIRECT] [Fatal Error] :1:1: Premature end of file.
2025-10-04 11:38:50,194 [ERROR] LogOutputStream:75 - [STDERR_REDIRECT] 
2025-10-04 11:38:51,192 [ERROR] LogOutputStream:75 - [STDERR_REDIRECT] [Fatal Error] :1:1: Premature end of file.
2025-10-04 11:38:51,194 [ERROR] LogOutputStream:75 - [STDERR_REDIRECT] 
2025-10-04 11:38:52,192 [ERROR] LogOutputStream:75 - [STDERR_REDIRECT] [Fatal Error] :1:1: Premature end of file.
2025-10-04 11:38:52,193 [ERROR] LogOutputStream:75 - [STDERR_REDIRECT] 
2025-10-04 11:38:53,183 [ERROR] LogOutputStream:75 - [STDERR_REDIRECT] [Fatal Error] :1:1: Premature end of file.
2025-10-04 11:38:53,183 [ERROR] LogOutputStream:75 - [STDERR_REDIRECT] 
2025-10-04 11:38:54,194 [ERROR] LogOutputStream:75 - [STDERR_REDIRECT] [Fatal Error] :1:1: Premature end of file.
2025-10-04 11:38:54,194 [ERROR] LogOutputStream:75 - [STDERR_REDIRECT] 
2025-10-04 11:38:55,188 [ERROR] LogOutputStream:75 - [STDERR_REDIRECT] [Fatal Error] :1:1: Premature end of file.
2025-10-04 11:38:55,188 [ERROR] LogOutputStream:75 - [STDERR_REDIRECT] 
2025-10-04 11:38:56,181 [ERROR] LogOutputStream:75 - [STDERR_REDIRECT] [Fatal Error] :1:1: Premature end of file.
2025-10-04 11:38:56,181 [ERROR] LogOutputStream:75 - [STDERR_REDIRECT] 
2025-10-04 11:38:57,188 [ERROR] LogOutputStream:75 - [STDERR_REDIRECT] [Fatal Error] :1:1: Premature end of file.
2025-10-04 11:38:57,188 [ERROR] LogOutputStream:75 - [STDERR_REDIRECT] 
2025-10-04 11:38:58,182 [ERROR] LogOutputStream:75 - [STDERR_REDIRECT] [Fatal Error] :1:1: Premature end of file.
2025-10-04 11:38:58,182 [ERROR] LogOutputStream:75 - [STDERR_REDIRECT] 
2025-10-04 11:38:59,182 [ERROR] LogOutputStream:75 - [STDERR_REDIRECT] [Fatal Error] :1:1: Premature end of file.
2025-10-04 11:38:59,182 [ERROR] LogOutputStream:75 - [STDERR_REDIRECT] 
2025-10-04 11:39:00,181 [ERROR] LogOutputStream:75 - [STDERR_REDIRECT] [Fatal Error] :1:1: Premature end of file.
2025-10-04 11:39:00,181 [ERROR] LogOutputStream:75 - [STDERR_REDIRECT] 
2025-10-04 11:39:01,183 [ERROR] LogOutputStream:75 - [STDERR_REDIRECT] [Fatal Error] :1:1: Premature end of file.
2025-10-04 11:39:01,183 [ERROR] LogOutputStream:75 - [STDERR_REDIRECT] 
2025-10-04 11:39:02,186 [ERROR] LogOutputStream:75 - [STDERR_REDIRECT] [Fatal Error] :1:1: Premature end of file.
2025-10-04 11:39:02,186 [ERROR] LogOutputStream:75 - [STDERR_REDIRECT] 
2025-10-04 11:39:03,182 [ERROR] LogOutputStream:75 - [STDERR_REDIRECT] [Fatal Error] :1:1: Premature end of file.
2025-10-04 11:39:03,182 [ERROR] LogOutputStream:75 - [STDERR_REDIRECT] 
2025-10-04 11:39:04,181 [ERROR] LogOutputStream:75 - [STDERR_REDIRECT] [Fatal Error] :1:1: Premature end of file.
2025-10-04 11:39:04,181 [ERROR] LogOutputStream:75 - [STDERR_REDIRECT] 
2025-10-04 11:39:05,182 [ERROR] LogOutputStream:75 - [STDERR_REDIRECT] [Fatal Error] :1:1: Premature end of file.
2025-10-04 11:39:05,183 [ERROR] LogOutputStream:75 - [STDERR_REDIRECT] 
2025-10-04 11:39:06,181 [ERROR] LogOutputStream:75 - [STDERR_REDIRECT] [Fatal Error] :1:1: Premature end of file.
2025-10-04 11:39:06,182 [ERROR] LogOutputStream:75 - [STDERR_REDIRECT] 
2025-10-04 11:39:07,183 [ERROR] LogOutputStream:75 - [STDERR_REDIRECT] [Fatal Error] :1:1: Premature end of file.
2025-10-04 11:39:07,184 [ERROR] LogOutputStream:75 - [STDERR_REDIRECT] 
2025-10-04 11:39:08,182 [ERROR] LogOutputStream:75 - [STDERR_REDIRECT] [Fatal Error] :1:1: Premature end of file.
2025-10-04 11:39:08,182 [ERROR] LogOutputStream:75 - [STDERR_REDIRECT] 
2025-10-04 11:39:09,182 [ERROR] LogOutputStream:75 - [STDERR_REDIRECT] [Fatal Error] :1:1: Premature end of file.
2025-10-04 11:39:09,182 [ERROR] LogOutputStream:75 - [STDERR_REDIRECT] 
2025-10-04 11:39:10,182 [ERROR] LogOutputStream:75 - [STDERR_REDIRECT] [Fatal Error] :1:1: Premature end of file.
2025-10-04 11:39:10,182 [ERROR] LogOutputStream:75 - [STDERR_REDIRECT] 
2025-10-04 11:39:11,183 [ERROR] LogOutputStream:75 - [STDERR_REDIRECT] [Fatal Error] :1:1: Premature end of file.
2025-10-04 11:39:11,183 [ERROR] LogOutputStream:75 - [STDERR_REDIRECT] 
2025-10-04 11:39:12,182 [ERROR] LogOutputStream:75 - [STDERR_REDIRECT] [Fatal Error] :1:1: Premature end of file.
2025-10-04 11:39:12,183 [ERROR] LogOutputStream:75 - [STDERR_REDIRECT] 
2025-10-04 11:39:13,182 [ERROR] LogOutputStream:75 - [STDERR_REDIRECT] [Fatal Error] :1:1: Premature end of file.
2025-10-04 11:39:13,182 [ERROR] LogOutputStream:75 - [STDERR_REDIRECT] 
2025-10-04 11:39:14,183 [ERROR] LogOutputStream:75 - [STDERR_REDIRECT] [Fatal Error] :1:1: Premature end of file.
2025-10-04 11:39:14,183 [ERROR] LogOutputStream:75 - [STDERR_REDIRECT] 
2025-10-04 11:39:15,181 [ERROR] LogOutputStream:75 - [STDERR_REDIRECT] [Fatal Error] :1:1: Premature end of file.
2025-10-04 11:39:15,182 [ERROR] LogOutputStream:75 - [STDERR_REDIRECT] 
2025-10-04 11:39:16,181 [ERROR] LogOutputStream:75 - [STDERR_REDIRECT] [Fatal Error] :1:1: Premature end of file.
2025-10-04 11:39:16,182 [ERROR] LogOutputStream:75 - [STDERR_REDIRECT] 
2025-10-04 11:39:17,187 [ERROR] LogOutputStream:75 - [STDERR_REDIRECT] [Fatal Error] :1:1: Premature end of file.
2025-10-04 11:39:17,187 [ERROR] LogOutputStream:75 - [STDERR_REDIRECT] 
2025-10-04 11:39:18,181 [ERROR] LogOutputStream:75 - [STDERR_REDIRECT] [Fatal Error] :1:1: Premature end of file.
2025-10-04 11:39:18,182 [ERROR] LogOutputStream:75 - [STDERR_REDIRECT] 
2025-10-04 11:39:19,194 [ERROR] LogOutputStream:75 - [STDERR_REDIRECT] [Fatal Error] :1:1: Premature end of file.
2025-10-04 11:39:19,194 [ERROR] LogOutputStream:75 - [STDERR_REDIRECT] 
2025-10-04 11:39:20,186 [ERROR] LogOutputStream:75 - [STDERR_REDIRECT] [Fatal Error] :1:1: Premature end of file.
2025-10-04 11:39:20,186 [ERROR] LogOutputStream:75 - [STDERR_REDIRECT] 
2025-10-04 11:39:21,185 [ERROR] LogOutputStream:75 - [STDERR_REDIRECT] [Fatal Error] :1:1: Premature end of file.
2025-10-04 11:39:21,185 [ERROR] LogOutputStream:75 - [STDERR_REDIRECT] 
2025-10-04 11:39:22,187 [ERROR] LogOutputStream:75 - [STDERR_REDIRECT] [Fatal Error] :1:1: Premature end of file.
2025-10-04 11:39:22,188 [ERROR] LogOutputStream:75 - [STDERR_REDIRECT] 
2025-10-04 11:39:23,195 [ERROR] LogOutputStream:75 - [STDERR_REDIRECT] [Fatal Error] :1:1: Premature end of file.
2025-10-04 11:39:23,195 [ERROR] LogOutputStream:75 - [STDERR_REDIRECT] 
2025-10-04 11:39:24,187 [ERROR] LogOutputStream:75 - [STDERR_REDIRECT] [Fatal Error] :1:1: Premature end of file.
2025-10-04 11:39:24,187 [ERROR] LogOutputStream:75 - [STDERR_REDIRECT] 
2025-10-04 11:39:25,184 [ERROR] LogOutputStream:75 - [STDERR_REDIRECT] [Fatal Error] :1:1: Premature end of file.
2025-10-04 11:39:25,184 [ERROR] LogOutputStream:75 - [STDERR_REDIRECT] 
2025-10-04 11:39:26,184 [ERROR] LogOutputStream:75 - [STDERR_REDIRECT] [Fatal Error] :1:1: Premature end of file.
2025-10-04 11:39:26,185 [ERROR] LogOutputStream:75 - [STDERR_REDIRECT] 
2025-10-04 11:39:27,188 [ERROR] LogOutputStream:75 - [STDERR_REDIRECT] [Fatal Error] :1:1: Premature end of file.
2025-10-04 11:39:27,188 [ERROR] LogOutputStream:75 - [STDERR_REDIRECT] 
2025-10-04 11:39:28,195 [ERROR] LogOutputStream:75 - [STDERR_REDIRECT] [Fatal Error] :1:1: Premature end of file.
2025-10-04 11:39:28,195 [ERROR] LogOutputStream:75 - [STDERR_REDIRECT] 
2025-10-04 11:39:29,190 [ERROR] LogOutputStream:75 - [STDERR_REDIRECT] [Fatal Error] :1:1: Premature end of file.
2025-10-04 11:39:29,190 [ERROR] LogOutputStream:75 - [STDERR_REDIRECT] 
2025-10-04 11:39:30,184 [ERROR] LogOutputStream:75 - [STDERR_REDIRECT] [Fatal Error] :1:1: Premature end of file.
2025-10-04 11:39:30,184 [ERROR] LogOutputStream:75 - [STDERR_REDIRECT] 
2025-10-04 11:39:31,183 [ERROR] LogOutputStream:75 - [STDERR_REDIRECT] [Fatal Error] :1:1: Premature end of file.
2025-10-04 11:39:31,183 [ERROR] LogOutputStream:75 - [STDERR_REDIRECT] 
2025-10-04 11:39:32,184 [ERROR] LogOutputStream:75 - [STDERR_REDIRECT] [Fatal Error] :1:1: Premature end of file.
2025-10-04 11:39:32,184 [ERROR] LogOutputStream:75 - [STDERR_REDIRECT] 
2025-10-04 11:39:33,183 [ERROR] LogOutputStream:75 - [STDERR_REDIRECT] [Fatal Error] :1:1: Premature end of file.
2025-10-04 11:39:33,183 [ERROR] LogOutputStream:75 - [STDERR_REDIRECT] 
2025-10-04 11:39:34,186 [ERROR] LogOutputStream:75 - [STDERR_REDIRECT] [Fatal Error] :1:1: Premature end of file.
2025-10-04 11:39:34,186 [ERROR] LogOutputStream:75 - [STDERR_REDIRECT] 
2025-10-04 11:39:35,181 [ERROR] LogOutputStream:75 - [STDERR_REDIRECT] [Fatal Error] :1:1: Premature end of file.
2025-10-04 11:39:35,181 [ERROR] LogOutputStream:75 - [STDERR_REDIRECT] 
2025-10-04 11:39:36,182 [ERROR] LogOutputStream:75 - [STDERR_REDIRECT] [Fatal Error] :1:1: Premature end of file.
2025-10-04 11:39:36,182 [ERROR] LogOutputStream:75 - [STDERR_REDIRECT] 
2025-10-04 11:39:37,181 [ERROR] LogOutputStream:75 - [STDERR_REDIRECT] [Fatal Error] :1:1: Premature end of file.
2025-10-04 11:39:37,182 [ERROR] LogOutputStream:75 - [STDERR_REDIRECT] 
2025-10-04 11:39:38,183 [ERROR] LogOutputStream:75 - [STDERR_REDIRECT] [Fatal Error] :1:1: Premature end of file.
2025-10-04 11:39:38,183 [ERROR] LogOutputStream:75 - [STDERR_REDIRECT] 
2025-10-04 11:39:39,183 [ERROR] LogOutputStream:75 - [STDERR_REDIRECT] [Fatal Error] :1:1: Premature end of file.
2025-10-04 11:39:39,183 [ERROR] LogOutputStream:75 - [STDERR_REDIRECT] 
2025-10-04 11:39:40,181 [ERROR] LogOutputStream:75 - [STDERR_REDIRECT] [Fatal Error] :1:1: Premature end of file.
2025-10-04 11:39:40,181 [ERROR] LogOutputStream:75 - [STDERR_REDIRECT] 
2025-10-04 11:39:41,184 [ERROR] LogOutputStream:75 - [STDERR_REDIRECT] [Fatal Error] :1:1: Premature end of file.
2025-10-04 11:39:41,184 [ERROR] LogOutputStream:75 - [STDERR_REDIRECT] 
2025-10-04 11:39:42,182 [ERROR] LogOutputStream:75 - [STDERR_REDIRECT] [Fatal Error] :1:1: Premature end of file.
2025-10-04 11:39:42,182 [ERROR] LogOutputStream:75 - [STDERR_REDIRECT] 
2025-10-04 11:39:43,182 [ERROR] LogOutputStream:75 - [STDERR_REDIRECT] [Fatal Error] :1:1: Premature end of file.
2025-10-04 11:39:43,183 [ERROR] LogOutputStream:75 - [STDERR_REDIRECT] 
2025-10-04 11:39:44,183 [ERROR] LogOutputStream:75 - [STDERR_REDIRECT] [Fatal Error] :1:1: Premature end of file.
2025-10-04 11:39:44,183 [ERROR] LogOutputStream:75 - [STDERR_REDIRECT] 
2025-10-04 11:39:45,183 [ERROR] LogOutputStream:75 - [STDERR_REDIRECT] [Fatal Error] :1:1: Premature end of file.
2025-10-04 11:39:45,184 [ERROR] LogOutputStream:75 - [STDERR_REDIRECT] 
2025-10-04 11:39:46,182 [ERROR] LogOutputStream:75 - [STDERR_REDIRECT] [Fatal Error] :1:1: Premature end of file.
2025-10-04 11:39:46,182 [ERROR] LogOutputStream:75 - [STDERR_REDIRECT] 
2025-10-04 11:39:47,182 [ERROR] LogOutputStream:75 - [STDERR_REDIRECT] [Fatal Error] :1:1: Premature end of file.
2025-10-04 11:39:47,182 [ERROR] LogOutputStream:75 - [STDERR_REDIRECT] 
2025-10-04 11:39:48,182 [ERROR] LogOutputStream:75 - [STDERR_REDIRECT] [Fatal Error] :1:1: Premature end of file.
2025-10-04 11:39:48,182 [ERROR] LogOutputStream:75 - [STDERR_REDIRECT] 
2025-10-04 11:39:49,186 [ERROR] LogOutputStream:75 - [STDERR_REDIRECT] [Fatal Error] :1:1: Premature end of file.
2025-10-04 11:39:49,186 [ERROR] LogOutputStream:75 - [STDERR_REDIRECT] 
2025-10-04 11:39:50,182 [ERROR] LogOutputStream:75 - [STDERR_REDIRECT] [Fatal Error] :1:1: Premature end of file.
2025-10-04 11:39:50,182 [ERROR] LogOutputStream:75 - [STDERR_REDIRECT] 
2025-10-04 11:39:51,182 [ERROR] LogOutputStream:75 - [STDERR_REDIRECT] [Fatal Error] :1:1: Premature end of file.
2025-10-04 11:39:51,182 [ERROR] LogOutputStream:75 - [STDERR_REDIRECT] 
2025-10-04 11:39:52,181 [ERROR] LogOutputStream:75 - [STDERR_REDIRECT] [Fatal Error] :1:1: Premature end of file.
2025-10-04 11:39:52,181 [ERROR] LogOutputStream:75 - [STDERR_REDIRECT] 
2025-10-04 11:39:53,183 [ERROR] LogOutputStream:75 - [STDERR_REDIRECT] [Fatal Error] :1:1: Premature end of file.
2025-10-04 11:39:53,183 [ERROR] LogOutputStream:75 - [STDERR_REDIRECT] 
2025-10-04 11:39:54,186 [ERROR] LogOutputStream:75 - [STDERR_REDIRECT] [Fatal Error] :1:1: Premature end of file.
2025-10-04 11:39:54,186 [ERROR] LogOutputStream:75 - [STDERR_REDIRECT] 
2025-10-04 11:39:55,182 [ERROR] LogOutputStream:75 - [STDERR_REDIRECT] [Fatal Error] :1:1: Premature end of file.
2025-10-04 11:39:55,182 [ERROR] LogOutputStream:75 - [STDERR_REDIRECT] 
2025-10-04 11:39:56,182 [ERROR] LogOutputStream:75 - [STDERR_REDIRECT] [Fatal Error] :1:1: Premature end of file.
2025-10-04 11:39:56,182 [ERROR] LogOutputStream:75 - [STDERR_REDIRECT] 
2025-10-04 11:39:57,182 [ERROR] LogOutputStream:75 - [STDERR_REDIRECT] [Fatal Error] :1:1: Premature end of file.
2025-10-04 11:39:57,182 [ERROR] LogOutputStream:75 - [STDERR_REDIRECT] 
2025-10-04 11:39:58,182 [ERROR] LogOutputStream:75 - [STDERR_REDIRECT] [Fatal Error] :1:1: Premature end of file.
2025-10-04 11:39:58,182 [ERROR] LogOutputStream:75 - [STDERR_REDIRECT] 
2025-10-04 11:39:59,184 [ERROR] LogOutputStream:75 - [STDERR_REDIRECT] [Fatal Error] :1:1: Premature end of file.
2025-10-04 11:39:59,184 [ERROR] LogOutputStream:75 - [STDERR_REDIRECT] 
2025-10-04 11:40:00,182 [ERROR] LogOutputStream:75 - [STDERR_REDIRECT] [Fatal Error] :1:1: Premature end of file.
2025-10-04 11:40:00,182 [ERROR] LogOutputStream:75 - [STDERR_REDIRECT] 
2025-10-04 11:40:01,181 [ERROR] LogOutputStream:75 - [STDERR_REDIRECT] [Fatal Error] :1:1: Premature end of file.
2025-10-04 11:40:01,181 [ERROR] LogOutputStream:75 - [STDERR_REDIRECT] 
2025-10-04 11:40:02,182 [ERROR] LogOutputStream:75 - [STDERR_REDIRECT] [Fatal Error] :1:1: Premature end of file.
2025-10-04 11:40:02,182 [ERROR] LogOutputStream:75 - [STDERR_REDIRECT] 
2025-10-04 11:40:03,183 [ERROR] LogOutputStream:75 - [STDERR_REDIRECT] [Fatal Error] :1:1: Premature end of file.
2025-10-04 11:40:03,183 [ERROR] LogOutputStream:75 - [STDERR_REDIRECT] 
2025-10-04 11:40:04,186 [ERROR] LogOutputStream:75 - [STDERR_REDIRECT] [Fatal Error] :1:1: Premature end of file.
2025-10-04 11:40:04,186 [ERROR] LogOutputStream:75 - [STDERR_REDIRECT] 
2025-10-04 11:40:05,196 [ERROR] LogOutputStream:75 - [STDERR_REDIRECT] [Fatal Error] :1:1: Premature end of file.
2025-10-04 11:40:05,196 [ERROR] LogOutputStream:75 - [STDERR_REDIRECT] 
2025-10-04 11:40:06,182 [ERROR] LogOutputStream:75 - [STDERR_REDIRECT] [Fatal Error] :1:1: Premature end of file.
2025-10-04 11:40:06,182 [ERROR] LogOutputStream:75 - [STDERR_REDIRECT] 
2025-10-04 11:40:06,628 [INFO] MainUpdater:2872 - connection check result : 10
2025-10-04 11:40:06,629 [INFO] MainUpdater:2872 - connection check result : 10
2025-10-04 11:40:06,648 [INFO] MicroXplorer:468 - Change Database Path : 
2025-10-04 11:40:06,648 [INFO] MicroXplorer:498 - Change Database Version : DB.6.0.140
2025-10-04 11:40:06,654 [WARN] ThirdParty:871 - waiting for thirdparty lock release [close project]
2025-10-04 11:40:06,654 [INFO] ThirdParty:873 - entering critical section [close project]
2025-10-04 11:40:06,655 [INFO] ThirdParty:883 - exiting critical section [close project]
2025-10-04 11:40:06,657 [INFO] PinOutPanel:1589 - setPackage(No Configuration,No Configuration)
2025-10-04 11:40:06,661 [INFO] UtilMem:75 - Begin LoadConfig() Used Memory: 959679352 Bytes (1073741824)
2025-10-04 11:40:06,663 [INFO] MicroXplorer:468 - Change Database Path : 
2025-10-04 11:40:06,663 [INFO] MicroXplorer:498 - Change Database Version : DB.6.0.140
2025-10-04 11:40:06,663 [INFO] OpenFileManager:354 - Change cursor
2025-10-04 11:40:06,803 [INFO] Mcu:2011 - Initializing MCU STM32F103C8Tx STM32F103C8Tx STM32F103C8T6
2025-10-04 11:40:07,218 [ERROR] LogOutputStream:75 - [STDERR_REDIRECT] [Fatal Error] :1:1: Premature end of file.
2025-10-04 11:40:07,218 [ERROR] LogOutputStream:75 - [STDERR_REDIRECT] 
2025-10-04 11:40:07,696 [INFO] Context:756 - Trying to add GPIOservice into a context  which must be forbidden
2025-10-04 11:40:07,987 [INFO] ImportTextPane:218 - (OptionalMessage_ERROR) Unable to find key (Mcu.ThirdPartyNb) in loaded IOC file
2025-10-04 11:40:07,988 [INFO] ImportTextPane:218 - (OptionalMessage_ERROR) Unable to find key (Mcu.PinsNb) in loaded IOC file
2025-10-04 11:40:07,988 [INFO] ImportTextPane:218 - (OptionalMessage_ERROR) Pin0 (VP_RIF_VS_RIF1) cannot be retrieved for this MCU
2025-10-04 11:40:07,988 [INFO] ImportTextPane:218 - (OptionalMessage_ERROR) Unable to find key (Mcu.IPNb) in loaded IOC file
2025-10-04 11:40:08,349 [ERROR] LogOutputStream:75 - [STDERR_REDIRECT] [Fatal Error] :1:1: Premature end of file.
2025-10-04 11:40:08,350 [ERROR] LogOutputStream:75 - [STDERR_REDIRECT] 
2025-10-04 11:40:08,707 [INFO] RtosManager:558 - Registered RTOS mode: class=CMSIS, group=RTOS, mode=CMSIS_V1, owner=FREERTOS
2025-10-04 11:40:08,708 [INFO] RtosManager:558 - Registered RTOS mode: class=CMSIS, group=RTOS2, mode=CMSIS_V2, owner=FREERTOS
2025-10-04 11:40:08,708 [INFO] RtosManager:558 - Registered RTOS mode: class=RTOS, group=Core, mode=CMSIS_V1, owner=FREERTOS
2025-10-04 11:40:08,708 [INFO] RtosManager:558 - Registered RTOS mode: class=RTOS, group=Core, mode=CMSIS_V2, owner=FREERTOS
2025-10-04 11:40:08,709 [WARN] ModelIntegratedComponent:184 - Missing modes for component STMicroelectronics:FreeRTOS:0.0.1:STMicroelectronics:RTOS:FreeRTOS:Core:::10.2.0:
2025-10-04 11:40:08,743 [WARN] ModelIntegratedComponent:63 - No mode defined for component null
2025-10-04 11:40:08,743 [WARN] ModelIntegratedComponent:63 - No mode defined for component null
2025-10-04 11:40:08,743 [WARN] ModelIntegratedComponent:63 - No mode defined for component null
2025-10-04 11:40:08,743 [WARN] ModelIntegratedComponent:63 - No mode defined for component null
2025-10-04 11:40:08,743 [WARN] ModelIntegratedComponent:63 - No mode defined for component null
2025-10-04 11:40:08,743 [WARN] ModelIntegratedComponent:63 - No mode defined for component null
2025-10-04 11:40:08,743 [WARN] ModelIntegratedComponent:63 - No mode defined for component null
2025-10-04 11:40:08,743 [WARN] ModelIntegratedComponent:63 - No mode defined for component null
2025-10-04 11:40:08,743 [WARN] ModelIntegratedComponent:63 - No mode defined for component null
2025-10-04 11:40:08,743 [WARN] ModelIntegratedComponent:63 - No mode defined for component null
2025-10-04 11:40:08,743 [WARN] ModelIntegratedComponent:63 - No mode defined for component null
2025-10-04 11:40:08,743 [WARN] ModelIntegratedComponent:63 - No mode defined for component null
2025-10-04 11:40:08,743 [WARN] ModelIntegratedComponent:63 - No mode defined for component null
2025-10-04 11:40:08,743 [WARN] ModelIntegratedComponent:63 - No mode defined for component null
2025-10-04 11:40:08,744 [WARN] ModelIntegratedComponent:63 - No mode defined for component null
2025-10-04 11:40:08,744 [WARN] ModelIntegratedComponent:63 - No mode defined for component null
2025-10-04 11:40:08,744 [WARN] ModelIntegratedComponent:63 - No mode defined for component null
2025-10-04 11:40:08,744 [WARN] ModelIntegratedComponent:63 - No mode defined for component null
2025-10-04 11:40:08,744 [WARN] ModelIntegratedComponent:63 - No mode defined for component null
2025-10-04 11:40:08,744 [WARN] ModelIntegratedComponent:63 - No mode defined for component null
2025-10-04 11:40:08,744 [WARN] ModelIntegratedComponent:63 - No mode defined for component null
2025-10-04 11:40:08,744 [WARN] ModelIntegratedComponent:63 - No mode defined for component null
2025-10-04 11:40:08,744 [WARN] ModelIntegratedComponent:63 - No mode defined for component null
2025-10-04 11:40:08,744 [WARN] ModelIntegratedComponent:63 - No mode defined for component null
2025-10-04 11:40:08,744 [WARN] ModelIntegratedComponent:63 - No mode defined for component null
2025-10-04 11:40:08,744 [WARN] ModelIntegratedComponent:63 - No mode defined for component null
2025-10-04 11:40:08,744 [WARN] ModelIntegratedComponent:63 - No mode defined for component null
2025-10-04 11:40:08,745 [WARN] ModelIntegratedComponent:63 - No mode defined for component null
2025-10-04 11:40:08,745 [WARN] ModelIntegratedComponent:63 - No mode defined for component null
2025-10-04 11:40:08,745 [WARN] ModelIntegratedComponent:63 - No mode defined for component null
2025-10-04 11:40:08,745 [WARN] ModelIntegratedComponent:63 - No mode defined for component null
2025-10-04 11:40:08,745 [WARN] ModelIntegratedComponent:63 - No mode defined for component null
2025-10-04 11:40:08,745 [WARN] ModelIntegratedComponent:63 - No mode defined for component null
2025-10-04 11:40:08,745 [WARN] ModelIntegratedComponent:63 - No mode defined for component null
2025-10-04 11:40:08,745 [WARN] ModelIntegratedComponent:63 - No mode defined for component null
2025-10-04 11:40:08,745 [WARN] ModelPack:524 - Component already loaded: STMicroelectronics:HAL Drivers:0.0.0:STMicroelectronics:Device:STMicro_Driver:XSPI:HAL::0.0.1:HAL_XSPI
2025-10-04 11:40:08,945 [INFO] ThirdPartyModel:298 - Start build external matchings
2025-10-04 11:40:09,185 [ERROR] LogOutputStream:75 - [STDERR_REDIRECT] [Fatal Error] :1:1: Premature end of file.
2025-10-04 11:40:09,185 [ERROR] LogOutputStream:75 - [STDERR_REDIRECT] 
2025-10-04 11:40:09,726 [INFO] ThirdPartyModel:316 - End build external matchings
2025-10-04 11:40:09,974 [INFO] UtilMem:75 - End LoadConfig() Used Memory: 863960008 Bytes (1073741824)
2025-10-04 11:40:10,044 [WARN] ThirdParty:833 - waiting for thirdparty lock release [change project]
2025-10-04 11:40:10,044 [INFO] ThirdParty:835 - entering critical section [change project]
2025-10-04 11:40:10,044 [INFO] ThirdParty:1030 - CMSIS Pack Vendor :STMicroelectronics X-CUBE-PM33A1 1.0.0
2025-10-04 11:40:10,044 [INFO] ThirdParty:1030 - CMSIS Pack Vendor :STMicroelectronics USBPD 4.1
2025-10-04 11:40:10,044 [INFO] ThirdParty:1030 - CMSIS Pack Vendor :STMicroelectronics X-CUBE-AZRTOS-H7 3.3.0
2025-10-04 11:40:10,044 [INFO] ThirdParty:1030 - CMSIS Pack Vendor :STMicroelectronics X-CUBE-NFC9 1.0.0
2025-10-04 11:40:10,044 [INFO] ThirdParty:1030 - CMSIS Pack Vendor :wolfSSL I-CUBE-wolfSSL 5.8.0
2025-10-04 11:40:10,044 [INFO] ThirdParty:1030 - CMSIS Pack Vendor :STMicroelectronics USB_HOST 2.0.0
2025-10-04 11:40:10,044 [INFO] ThirdParty:1030 - CMSIS Pack Vendor :STMicroelectronics FP-SNS-MOTENVWB1 1.4.0
2025-10-04 11:40:10,044 [INFO] ThirdParty:1030 - CMSIS Pack Vendor :STMicroelectronics X-CUBE-AZRTOS-F4 1.1.0
2025-10-04 11:40:10,045 [INFO] ThirdParty:1030 - CMSIS Pack Vendor :STMicroelectronics LIBJPEG 8.0.0
2025-10-04 11:40:10,045 [INFO] ThirdParty:1030 - CMSIS Pack Vendor :STMicroelectronics FP-ATR-ASTRA1 2.0.2
2025-10-04 11:40:10,045 [INFO] ThirdParty:1030 - CMSIS Pack Vendor :STMicroelectronics X-CUBE-BLE1 7.1.0
2025-10-04 11:40:10,045 [INFO] ThirdParty:1030 - CMSIS Pack Vendor :Avnet-IotConnect X-CUBE-IoTC-DA16k-PMOD 1.0.0
2025-10-04 11:40:10,045 [INFO] ThirdParty:1030 - CMSIS Pack Vendor :STMicroelectronics X-CUBE-SMBUS 2.1.0
2025-10-04 11:40:10,045 [INFO] ThirdParty:1030 - CMSIS Pack Vendor :wolfSSL I-CUBE-wolfMQTT 1.19.2
2025-10-04 11:40:10,045 [INFO] ThirdParty:1030 - CMSIS Pack Vendor :STMicroelectronics USB_DEVICE 3.0.0
2025-10-04 11:40:10,045 [INFO] ThirdParty:1030 - CMSIS Pack Vendor :STMicroelectronics X-CUBE-ISPU 2.1.0
2025-10-04 11:40:10,045 [INFO] ThirdParty:1030 - CMSIS Pack Vendor :STMicroelectronics X-CUBE-EEPRMA1 5.2.0
2025-10-04 11:40:10,045 [INFO] ThirdParty:1030 - CMSIS Pack Vendor :STMicroelectronics X-CUBE-BLEMGR 4.1.0
2025-10-04 11:40:10,045 [INFO] ThirdParty:1030 - CMSIS Pack Vendor :STMicroelectronics X-CUBE-AZRTOS-WB 2.0.0
2025-10-04 11:40:10,046 [INFO] ThirdParty:1030 - CMSIS Pack Vendor :STMicroelectronics X-CUBE-ST60 1.0.0
2025-10-04 11:40:10,046 [INFO] ThirdParty:1030 - CMSIS Pack Vendor :STMicroelectronics X-CUBE-GNSS1 7.0.1
2025-10-04 11:40:10,046 [INFO] ThirdParty:1030 - CMSIS Pack Vendor :STMicroelectronics X-CUBE-NFC12 1.0.0
2025-10-04 11:40:10,046 [INFO] ThirdParty:1030 - CMSIS Pack Vendor :STMicroelectronics X-CUBE-AZRTOS-F7 1.1.0
2025-10-04 11:40:10,046 [INFO] ThirdParty:1030 - CMSIS Pack Vendor :STMicroelectronics X-CUBE-AZRTOS-L5 2.0.0
2025-10-04 11:40:10,046 [INFO] ThirdParty:1030 - CMSIS Pack Vendor :STMicroelectronics X-CUBE-TOUCHGFX 4.25.0
2025-10-04 11:40:10,046 [INFO] ThirdParty:1030 - CMSIS Pack Vendor :STMicroelectronics USB_DEVICE 2.0.0
2025-10-04 11:40:10,046 [INFO] ThirdParty:1030 - CMSIS Pack Vendor :STMicroelectronics X-CUBE-NFC6 3.1.0
2025-10-04 11:40:10,046 [INFO] ThirdParty:1030 - CMSIS Pack Vendor :STMicroelectronics X-CUBE-AI 10.1.0
2025-10-04 11:40:10,046 [INFO] ThirdParty:1030 - CMSIS Pack Vendor :STMicroelectronics FP-SNS-STBOX1 2.0.0
2025-10-04 11:40:10,046 [INFO] ThirdParty:1030 - CMSIS Pack Vendor :STMicroelectronics X-CUBE-MEMS1 11.2.0
2025-10-04 11:40:10,047 [INFO] ThirdParty:1030 - CMSIS Pack Vendor :STMicroelectronics FreeRTOS 0.0.1
2025-10-04 11:40:10,047 [INFO] ThirdParty:1030 - CMSIS Pack Vendor :STMicroelectronics X-CUBE-AZRTOS-G0 1.1.0
2025-10-04 11:40:10,047 [INFO] ThirdParty:1030 - CMSIS Pack Vendor :STMicroelectronics X-CUBE-SAFEA1 1.2.2
2025-10-04 11:40:10,047 [INFO] ThirdParty:1030 - CMSIS Pack Vendor :STMicroelectronics X-CUBE-NFC4 3.0.0
2025-10-04 11:40:10,047 [INFO] ThirdParty:1030 - CMSIS Pack Vendor :STMicroelectronics X-CUBE-SUBG2 5.0.0
2025-10-04 11:40:10,047 [INFO] ThirdParty:1030 - CMSIS Pack Vendor :STMicroelectronics X-CUBE-AZRTOS-H7RS 1.1.0
2025-10-04 11:40:10,047 [INFO] ThirdParty:1030 - CMSIS Pack Vendor :STMicroelectronics STM32_WPAN 1.0.0
2025-10-04 11:40:10,047 [INFO] ThirdParty:1030 - CMSIS Pack Vendor :EmbeddedOffice I-CUBE-FS-RTOS 1.0.1
2025-10-04 11:40:10,047 [INFO] ThirdParty:1030 - CMSIS Pack Vendor :STMicroelectronics lwIP 2.0.3
2025-10-04 11:40:10,047 [INFO] ThirdParty:1030 - CMSIS Pack Vendor :Cesanta I-CUBE-Mongoose 7.13.0
2025-10-04 11:40:10,047 [INFO] ThirdParty:1030 - CMSIS Pack Vendor :STMicroelectronics USB_HOST 1.0.0
2025-10-04 11:40:10,047 [INFO] ThirdParty:1030 - CMSIS Pack Vendor :Infineon AIROC-Wi-Fi-Bluetooth-STM32 1.7.0
2025-10-04 11:40:10,047 [INFO] ThirdParty:1030 - CMSIS Pack Vendor :STMicroelectronics X-CUBE-AZRTOS-G4 2.0.0
2025-10-04 11:40:10,047 [INFO] ThirdParty:1030 - CMSIS Pack Vendor :STMicroelectronics X-CUBE-WB05N 2.0.0
2025-10-04 11:40:10,047 [INFO] ThirdParty:1030 - CMSIS Pack Vendor :STMicroelectronics PDM2PCM 3.1.0
2025-10-04 11:40:10,047 [INFO] ThirdParty:1030 - CMSIS Pack Vendor :STMicroelectronics PDM2PCM 3.3.0
2025-10-04 11:40:10,047 [INFO] ThirdParty:1030 - CMSIS Pack Vendor :wolfSSL I-CUBE-wolfTPM 3.8.0
2025-10-04 11:40:10,047 [INFO] ThirdParty:1030 - CMSIS Pack Vendor :STMicroelectronics X-CUBE-AZRTOS-H7 3.4.0
2025-10-04 11:40:10,047 [INFO] ThirdParty:1030 - CMSIS Pack Vendor :STMicroelectronics X-CUBE-DISPLAY 3.0.0
2025-10-04 11:40:10,047 [INFO] ThirdParty:1030 - CMSIS Pack Vendor :wolfSSL I-CUBE-wolfSSH 1.4.20
2025-10-04 11:40:10,047 [INFO] ThirdParty:1030 - CMSIS Pack Vendor :STMicroelectronics X-CUBE-NFC7 2.0.0
2025-10-04 11:40:10,048 [INFO] ThirdParty:1030 - CMSIS Pack Vendor :STMicroelectronics X-CUBE-TCPP 4.2.0
2025-10-04 11:40:10,048 [INFO] ThirdParty:1030 - CMSIS Pack Vendor :RealThread X-CUBE-RT-Thread_Nano 4.1.1
2025-10-04 11:40:10,048 [INFO] ThirdParty:1030 - CMSIS Pack Vendor :STMicroelectronics FP-ATR-SIGFOX1 3.2.0
2025-10-04 11:40:10,048 [INFO] ThirdParty:1030 - CMSIS Pack Vendor :STMicroelectronics X-CUBE-NFC10 1.0.0
2025-10-04 11:40:10,048 [INFO] ThirdParty:1030 - CMSIS Pack Vendor :STMicroelectronics X-CUBE-BLEMGR 4.0.0
2025-10-04 11:40:10,048 [INFO] ThirdParty:1030 - CMSIS Pack Vendor :STMicroelectronics X-CUBE-EEPRMA1 5.1.0
2025-10-04 11:40:10,048 [INFO] ThirdParty:1030 - CMSIS Pack Vendor :STMicroelectronics X-CUBE-FREERTOS 1.3.1
2025-10-04 11:40:10,048 [INFO] ThirdParty:1030 - CMSIS Pack Vendor :STMicroelectronics HAL Drivers 0.0.0
2025-10-04 11:40:10,048 [INFO] ThirdParty:1030 - CMSIS Pack Vendor :STMicroelectronics MBEDTLS 2.16.2
2025-10-04 11:40:10,048 [INFO] ThirdParty:1030 - CMSIS Pack Vendor :STMicroelectronics X-CUBE-IPS 3.1.0
2025-10-04 11:40:10,048 [INFO] ThirdParty:1030 - CMSIS Pack Vendor :STMicroelectronics X-CUBE-ALS 1.0.2
2025-10-04 11:40:10,048 [INFO] ThirdParty:1030 - CMSIS Pack Vendor :emotas I-CUBE-CANOPEN 1.3.0
2025-10-04 11:40:10,048 [INFO] ThirdParty:1030 - CMSIS Pack Vendor :STMicroelectronics MBEDTLS 2.14.1
2025-10-04 11:40:10,048 [INFO] ThirdParty:1030 - CMSIS Pack Vendor :ITTIA_DB I-CUBE-ITTIADB 8.9.0
2025-10-04 11:40:10,048 [INFO] ThirdParty:1030 - CMSIS Pack Vendor :STMicroelectronics X-CUBE-TOUCHGFX 4.26.0
2025-10-04 11:40:10,048 [INFO] ThirdParty:1030 - CMSIS Pack Vendor :STMicroelectronics X-CUBE-STSE01 1.0.0
2025-10-04 11:40:10,048 [INFO] ThirdParty:1030 - CMSIS Pack Vendor :portGmbH I-Cube-SoM-uGOAL 1.1.0
2025-10-04 11:40:10,048 [INFO] ThirdParty:1030 - CMSIS Pack Vendor :quantropi X-CUBE-qispace-sdk-base 2.0.0
2025-10-04 11:40:10,048 [INFO] ThirdParty:1030 - CMSIS Pack Vendor :STMicroelectronics X-CUBE-ST67W61 1.0.0
2025-10-04 11:40:10,048 [INFO] ThirdParty:1030 - CMSIS Pack Vendor :STMicroelectronics X-CUBE-AI 10.2.0
2025-10-04 11:40:10,048 [INFO] ThirdParty:1030 - CMSIS Pack Vendor :STMicroelectronics FP-SNS-STAIOTCFT 1.0.0
2025-10-04 11:40:10,048 [INFO] ThirdParty:1030 - CMSIS Pack Vendor :STMicroelectronics ThreadX 1.0.0
2025-10-04 11:40:10,048 [INFO] ThirdParty:1030 - CMSIS Pack Vendor :STMicroelectronics FP-SNS-SMARTAG2 1.2.0
2025-10-04 11:40:10,048 [INFO] ThirdParty:1030 - CMSIS Pack Vendor :STMicroelectronics FP-SNS-FLIGHT1 5.1.0
2025-10-04 11:40:10,048 [INFO] ThirdParty:1030 - CMSIS Pack Vendor :STMicroelectronics X-CUBE-AZRTOS-WL 2.0.0
2025-10-04 11:40:10,048 [INFO] ThirdParty:1030 - CMSIS Pack Vendor :SEGGER I-CUBE-embOS 1.3.1
2025-10-04 11:40:10,048 [INFO] ThirdParty:1030 - CMSIS Pack Vendor :STMicroelectronics X-CUBE-ALGOBUILD 1.4.0
2025-10-04 11:40:10,048 [INFO] ThirdParty:1030 - CMSIS Pack Vendor :STMicroelectronics X-CUBE-DPower 1.3.0
2025-10-04 11:40:10,049 [INFO] ThirdParty:1030 - CMSIS Pack Vendor :STMicroelectronics X-CUBE-MEMS1 11.3.0
2025-10-04 11:40:10,049 [INFO] ThirdParty:1030 - CMSIS Pack Vendor :STMicroelectronics FP-SNS-MOTENV1 5.0.0
2025-10-04 11:40:10,049 [INFO] ThirdParty:1030 - CMSIS Pack Vendor :STMicroelectronics USB_DEVICE 1.0.0
2025-10-04 11:40:10,049 [INFO] ThirdParty:1030 - CMSIS Pack Vendor :STMicroelectronics X-CUBE-AZRTOS-L4 2.0.0
2025-10-04 11:40:10,049 [INFO] ThirdParty:1030 - CMSIS Pack Vendor :STMicroelectronics ThreadX 0.0.2
2025-10-04 11:40:10,049 [INFO] ThirdParty:1030 - CMSIS Pack Vendor :WES I-CUBE-Cesium 1.3.0
2025-10-04 11:40:10,049 [INFO] ThirdParty:1030 - CMSIS Pack Vendor :STMicroelectronics lwIP 2.1.2
2025-10-04 11:40:10,049 [INFO] ThirdParty:1030 - CMSIS Pack Vendor :STMicroelectronics X-CUBE-SFXS2LP1 4.0.0
2025-10-04 11:40:10,050 [INFO] ThirdParty:1030 - CMSIS Pack Vendor :STMicroelectronics X-CUBE-BLE2 3.3.0
2025-10-04 11:40:10,050 [INFO] ThirdParty:1030 - CMSIS Pack Vendor :STMicroelectronics X-CUBE-TOF1 3.4.3
2025-10-04 11:40:10,050 [INFO] ThirdParty:1030 - CMSIS Pack Vendor :STMicroelectronics PDM2PCM 3.2.0
2025-10-04 11:40:10,050 [INFO] ThirdParty:841 - exiting critical section [change project]
2025-10-04 11:40:10,211 [ERROR] LogOutputStream:75 - [STDERR_REDIRECT] [Fatal Error] :1:1: Premature end of file.
2025-10-04 11:40:10,211 [ERROR] LogOutputStream:75 - [STDERR_REDIRECT] 
2025-10-04 11:40:10,368 [INFO] PinOutPanel:1589 - setPackage(No Configuration,No Configuration)
2025-10-04 11:40:10,370 [INFO] PinOutPanel:1589 - setPackage(STM32F103C8Tx,LQFP48)
2025-10-04 11:40:10,867 [INFO] UtilMem:75 - Before build in PCC Used Memory: 968700568 Bytes (1073741824)
2025-10-04 11:40:11,208 [ERROR] LogOutputStream:75 - [STDERR_REDIRECT] [Fatal Error] :1:1: Premature end of file.
2025-10-04 11:40:11,209 [ERROR] LogOutputStream:75 - [STDERR_REDIRECT] 
2025-10-04 11:40:11,787 [INFO] UtilMem:75 - After build in PCC Used Memory: 669972032 Bytes (1073741824)
2025-10-04 11:40:11,819 [INFO] IPUIPlugin:80 - create IPUIPlugin
2025-10-04 11:40:11,820 [INFO] IPUIPlugin:80 - create IPUIPlugin
2025-10-04 11:40:11,820 [INFO] IPUIPlugin:80 - create IPUIPlugin
2025-10-04 11:40:11,820 [INFO] IPUIPlugin:80 - create IPUIPlugin
2025-10-04 11:40:11,820 [INFO] IPUIPlugin:80 - create IPUIPlugin
2025-10-04 11:40:11,820 [INFO] IPUIPlugin:80 - create IPUIPlugin
2025-10-04 11:40:11,821 [INFO] IPUIPlugin:80 - create IPUIPlugin
2025-10-04 11:40:11,821 [INFO] IPUIPlugin:80 - create IPUIPlugin
2025-10-04 11:40:11,821 [INFO] IPUIPlugin:80 - create IPUIPlugin
2025-10-04 11:40:11,821 [INFO] IPUIPlugin:80 - create IPUIPlugin
2025-10-04 11:40:11,821 [INFO] IPUIPlugin:80 - create IPUIPlugin
2025-10-04 11:40:11,821 [INFO] IPUIPlugin:80 - create IPUIPlugin
2025-10-04 11:40:11,821 [INFO] IPUIPlugin:80 - create IPUIPlugin
2025-10-04 11:40:11,822 [INFO] IPUIPlugin:80 - create IPUIPlugin
2025-10-04 11:40:11,822 [INFO] IPUIPlugin:80 - create IPUIPlugin
2025-10-04 11:40:11,822 [INFO] IPUIPlugin:80 - create IPUIPlugin
2025-10-04 11:40:11,822 [INFO] IPUIPlugin:80 - create IPUIPlugin
2025-10-04 11:40:11,822 [INFO] IPUIPlugin:80 - create IPUIPlugin
2025-10-04 11:40:11,823 [INFO] IPUIPlugin:80 - create IPUIPlugin
2025-10-04 11:40:11,823 [INFO] IPUIPlugin:80 - create IPUIPlugin
2025-10-04 11:40:11,823 [INFO] IPUIPlugin:80 - create IPUIPlugin
2025-10-04 11:40:11,824 [INFO] IPUIPlugin:80 - create IPUIPlugin
2025-10-04 11:40:11,824 [INFO] IPUIPlugin:80 - create IPUIPlugin
2025-10-04 11:40:11,824 [INFO] IPUIPlugin:80 - create IPUIPlugin
2025-10-04 11:40:11,825 [INFO] IPUIPlugin:80 - create IPUIPlugin
2025-10-04 11:40:11,825 [INFO] IPUIPlugin:80 - create IPUIPlugin
2025-10-04 11:40:11,825 [INFO] IPUIPlugin:80 - create IPUIPlugin
2025-10-04 11:40:12,079 [INFO] CADModel:165 - CPN selected for project levelSTM32F103C8T6
2025-10-04 11:40:12,080 [INFO] CADModel:114 - Register for checkConnection events
2025-10-04 11:40:12,125 [INFO] OpenFileManager:385 - Restore cursor
2025-10-04 11:40:12,184 [ERROR] LogOutputStream:75 - [STDERR_REDIRECT] [Fatal Error] :1:1: Premature end of file.
2025-10-04 11:40:12,184 [ERROR] LogOutputStream:75 - [STDERR_REDIRECT] 
2025-10-04 11:40:12,761 [INFO] UtilMem:75 - End SaveConfig() Used Memory: 752283200 Bytes (1073741824)
2025-10-04 11:40:12,819 [INFO] UtilMem:75 - End SaveConfig() Used Memory: 766319680 Bytes (1073741824)
2025-10-04 11:40:13,146 [INFO] BlockDiagram:2775 - set Specific Code input for plugin: NVIC
2025-10-04 11:40:13,147 [INFO] BlockDiagram:2775 - set Specific Code input for plugin: RCC
2025-10-04 11:40:13,148 [INFO] CodeGenerator:882 - code generatio: config db path: C:\ST\STM32CubeIDE_1.18.0\STM32CubeIDE\plugins\com.st.stm32cube.common.mx_6.14.0.202502271554\\db\
2025-10-04 11:40:13,194 [ERROR] LogOutputStream:75 - [STDERR_REDIRECT] [Fatal Error] :1:1: Premature end of file.
2025-10-04 11:40:13,194 [ERROR] LogOutputStream:75 - [STDERR_REDIRECT] 
2025-10-04 11:40:13,286 [INFO] CodeEngine:263 - oldGeneratedFile, C:\Users\2939K\STM32CubeIDE\workspace_BMS\JKBMS_debug_byCAN\MXTmpFiles\license.tmp_save
2025-10-04 11:40:13,595 [INFO] CodeEngine:287 - Generated code: C:\Users\2939K\STM32CubeIDE\workspace_BMS\JKBMS_debug_byCAN\MXTmpFiles\license.tmp
2025-10-04 11:40:13,611 [INFO] CodeEngine:263 - oldGeneratedFile, C:\Users\2939K\STM32CubeIDE\workspace_BMS\JKBMS_debug_byCAN\Core\Src\stm32f1xx_it.c_save
2025-10-04 11:40:13,743 [INFO] CodeEngine:287 - Generated code: C:\Users\2939K\STM32CubeIDE\workspace_BMS\JKBMS_debug_byCAN\Core\Src\stm32f1xx_it.c
2025-10-04 11:40:13,748 [INFO] CodeEngine:263 - oldGeneratedFile, C:\Users\2939K\STM32CubeIDE\workspace_BMS\JKBMS_debug_byCAN\Core\Inc\stm32f1xx_it.h_save
2025-10-04 11:40:13,827 [INFO] CodeEngine:287 - Generated code: C:\Users\2939K\STM32CubeIDE\workspace_BMS\JKBMS_debug_byCAN\Core\Inc\stm32f1xx_it.h
2025-10-04 11:40:13,924 [INFO] CodeEngine:263 - oldGeneratedFile, C:\Users\2939K\STM32CubeIDE\workspace_BMS\JKBMS_debug_byCAN\Core\Src\stm32f1xx_hal_msp.c_save
2025-10-04 11:40:14,038 [INFO] CodeEngine:287 - Generated code: C:\Users\2939K\STM32CubeIDE\workspace_BMS\JKBMS_debug_byCAN\Core\Src\stm32f1xx_hal_msp.c
2025-10-04 11:40:14,042 [INFO] CodeEngine:263 - oldGeneratedFile, C:\Users\2939K\STM32CubeIDE\workspace_BMS\JKBMS_debug_byCAN\MXTmpFiles\system.tmp_save
2025-10-04 11:40:14,104 [INFO] CodeEngine:287 - Generated code: C:\Users\2939K\STM32CubeIDE\workspace_BMS\JKBMS_debug_byCAN\MXTmpFiles\system.tmp
2025-10-04 11:40:14,115 [INFO] CodeEngine:319 - oldGeneratedFile, C:\Users\2939K\STM32CubeIDE\workspace_BMS\JKBMS_debug_byCAN\Core\Inc\stm32f1xx_hal_conf.h_save
2025-10-04 11:40:14,193 [INFO] CodeEngine:343 - Generated code: C:\Users\2939K\STM32CubeIDE\workspace_BMS\JKBMS_debug_byCAN\Core\Inc\stm32f1xx_hal_conf.h
2025-10-04 11:40:14,193 [ERROR] LogOutputStream:75 - [STDERR_REDIRECT] [Fatal Error] :1:1: Premature end of file.
2025-10-04 11:40:14,193 [ERROR] LogOutputStream:75 - [STDERR_REDIRECT] 
2025-10-04 11:40:14,229 [INFO] ApiDbMcu:508 - Load IP Config File for RCC
2025-10-04 11:40:14,237 [INFO] CodeEngine:263 - oldGeneratedFile, C:\Users\2939K\STM32CubeIDE\workspace_BMS\JKBMS_debug_byCAN\Core\Inc\main.h_save
2025-10-04 11:40:14,324 [INFO] CodeEngine:287 - Generated code: C:\Users\2939K\STM32CubeIDE\workspace_BMS\JKBMS_debug_byCAN\Core\Inc\main.h
2025-10-04 11:40:14,328 [INFO] CodeEngine:263 - oldGeneratedFile, C:\Users\2939K\STM32CubeIDE\workspace_BMS\JKBMS_debug_byCAN\Core\Src\main.c_save
2025-10-04 11:40:14,457 [INFO] CodeEngine:287 - Generated code: C:\Users\2939K\STM32CubeIDE\workspace_BMS\JKBMS_debug_byCAN\Core\Src\main.c
2025-10-04 11:40:14,880 [INFO] ProjectBuilder:3324 - Time for Copy HAL[1] : 170mS.
2025-10-04 11:40:14,888 [INFO] ProjectBuilder:4912 - Project Generator version: 4.6.0-B36
2025-10-04 11:40:15,023 [INFO] ConfigFileManager:1590 - The Die is : DIE410
2025-10-04 11:40:15,039 [INFO] ApiDbMcu:508 - Load IP Config File for FATFS
2025-10-04 11:40:15,063 [INFO] ApiDbMcu:508 - Load IP Config File for FREERTOS
2025-10-04 11:40:15,084 [INFO] ApiDbMcu:508 - Load IP Config File for USB_DEVICE
2025-10-04 11:40:15,193 [ERROR] LogOutputStream:75 - [STDERR_REDIRECT] [Fatal Error] :1:1: Premature end of file.
2025-10-04 11:40:15,193 [ERROR] LogOutputStream:75 - [STDERR_REDIRECT] 
2025-10-04 11:40:15,399 [INFO] LogOutputStream:77 - [STDOUT_REDIRECT] 
2025-10-04 11:40:16,192 [ERROR] LogOutputStream:75 - [STDERR_REDIRECT] [Fatal Error] :1:1: Premature end of file.
2025-10-04 11:40:16,192 [ERROR] LogOutputStream:75 - [STDERR_REDIRECT] 
2025-10-04 11:40:17,186 [ERROR] LogOutputStream:75 - [STDERR_REDIRECT] [Fatal Error] :1:1: Premature end of file.
2025-10-04 11:40:17,186 [ERROR] LogOutputStream:75 - [STDERR_REDIRECT] 
2025-10-04 11:40:18,169 [INFO] ProjectBuilder:5191 - Time for Generating toolchain IDE Files: 3281mS.
2025-10-04 11:40:18,172 [INFO] ProjectBuilder:3181 - Time for Copy CMSIS : 0mS.
2025-10-04 11:40:18,177 [INFO] ProjectBuilder:3181 - Time for Copy CMSIS : 0mS.
2025-10-04 11:40:18,218 [ERROR] LogOutputStream:75 - [STDERR_REDIRECT] [Fatal Error] :1:1: Premature end of file.
2025-10-04 11:40:18,218 [ERROR] LogOutputStream:75 - [STDERR_REDIRECT] 
2025-10-04 11:40:19,297 [ERROR] LogOutputStream:75 - [STDERR_REDIRECT] [Fatal Error] :1:1: Premature end of file.
2025-10-04 11:40:19,297 [ERROR] LogOutputStream:75 - [STDERR_REDIRECT] 
2025-10-04 11:40:19,972 [INFO] McuFinderGlobals:76 - Set McuFinderConnectedMode to true
2025-10-04 11:40:19,976 [INFO] ApiDb:448 - Save user favorites file C:\Users\2939K/.stm32cubeide/favorites.mcus.txt: 1 item(s)
2025-10-04 11:40:19,976 [INFO] ApiDb:452 - User favorites MCUs=[STM32F103C8T6]
2025-10-04 11:40:20,314 [ERROR] LogOutputStream:75 - [STDERR_REDIRECT] [Fatal Error] :1:1: Premature end of file.
2025-10-04 11:40:20,315 [ERROR] LogOutputStream:75 - [STDERR_REDIRECT] 
2025-10-04 11:40:21,184 [ERROR] LogOutputStream:75 - [STDERR_REDIRECT] [Fatal Error] :1:1: Premature end of file.
2025-10-04 11:40:21,184 [ERROR] LogOutputStream:75 - [STDERR_REDIRECT] 
2025-10-04 11:40:22,182 [ERROR] LogOutputStream:75 - [STDERR_REDIRECT] [Fatal Error] :1:1: Premature end of file.
2025-10-04 11:40:22,182 [ERROR] LogOutputStream:75 - [STDERR_REDIRECT] 
2025-10-04 11:40:23,182 [ERROR] LogOutputStream:75 - [STDERR_REDIRECT] [Fatal Error] :1:1: Premature end of file.
2025-10-04 11:40:23,182 [ERROR] LogOutputStream:75 - [STDERR_REDIRECT] 
2025-10-04 11:40:24,182 [ERROR] LogOutputStream:75 - [STDERR_REDIRECT] [Fatal Error] :1:1: Premature end of file.
2025-10-04 11:40:24,182 [ERROR] LogOutputStream:75 - [STDERR_REDIRECT] 
2025-10-04 11:40:25,182 [ERROR] LogOutputStream:75 - [STDERR_REDIRECT] [Fatal Error] :1:1: Premature end of file.
2025-10-04 11:40:25,182 [ERROR] LogOutputStream:75 - [STDERR_REDIRECT] 
2025-10-04 11:40:26,182 [ERROR] LogOutputStream:75 - [STDERR_REDIRECT] [Fatal Error] :1:1: Premature end of file.
2025-10-04 11:40:26,182 [ERROR] LogOutputStream:75 - [STDERR_REDIRECT] 
2025-10-04 11:40:27,181 [ERROR] LogOutputStream:75 - [STDERR_REDIRECT] [Fatal Error] :1:1: Premature end of file.
2025-10-04 11:40:27,181 [ERROR] LogOutputStream:75 - [STDERR_REDIRECT] 
2025-10-04 11:40:28,182 [ERROR] LogOutputStream:75 - [STDERR_REDIRECT] [Fatal Error] :1:1: Premature end of file.
2025-10-04 11:40:28,182 [ERROR] LogOutputStream:75 - [STDERR_REDIRECT] 
2025-10-04 11:40:29,183 [ERROR] LogOutputStream:75 - [STDERR_REDIRECT] [Fatal Error] :1:1: Premature end of file.
2025-10-04 11:40:29,183 [ERROR] LogOutputStream:75 - [STDERR_REDIRECT] 
2025-10-04 11:40:30,183 [ERROR] LogOutputStream:75 - [STDERR_REDIRECT] [Fatal Error] :1:1: Premature end of file.
2025-10-04 11:40:30,185 [ERROR] LogOutputStream:75 - [STDERR_REDIRECT] 
2025-10-04 11:40:31,187 [ERROR] LogOutputStream:75 - [STDERR_REDIRECT] [Fatal Error] :1:1: Premature end of file.
2025-10-04 11:40:31,187 [ERROR] LogOutputStream:75 - [STDERR_REDIRECT] 
2025-10-04 11:40:32,186 [ERROR] LogOutputStream:75 - [STDERR_REDIRECT] [Fatal Error] :1:1: Premature end of file.
2025-10-04 11:40:32,186 [ERROR] LogOutputStream:75 - [STDERR_REDIRECT] 
2025-10-04 11:40:33,185 [ERROR] LogOutputStream:75 - [STDERR_REDIRECT] [Fatal Error] :1:1: Premature end of file.
2025-10-04 11:40:33,185 [ERROR] LogOutputStream:75 - [STDERR_REDIRECT] 
2025-10-04 11:40:34,182 [ERROR] LogOutputStream:75 - [STDERR_REDIRECT] [Fatal Error] :1:1: Premature end of file.
2025-10-04 11:40:34,183 [ERROR] LogOutputStream:75 - [STDERR_REDIRECT] 
2025-10-04 11:40:35,183 [ERROR] LogOutputStream:75 - [STDERR_REDIRECT] [Fatal Error] :1:1: Premature end of file.
2025-10-04 11:40:35,183 [ERROR] LogOutputStream:75 - [STDERR_REDIRECT] 
2025-10-04 11:40:36,182 [ERROR] LogOutputStream:75 - [STDERR_REDIRECT] [Fatal Error] :1:1: Premature end of file.
2025-10-04 11:40:36,183 [ERROR] LogOutputStream:75 - [STDERR_REDIRECT] 
2025-10-04 11:40:37,188 [ERROR] LogOutputStream:75 - [STDERR_REDIRECT] [Fatal Error] :1:1: Premature end of file.
2025-10-04 11:40:37,188 [ERROR] LogOutputStream:75 - [STDERR_REDIRECT] 
2025-10-04 11:40:38,183 [ERROR] LogOutputStream:75 - [STDERR_REDIRECT] [Fatal Error] :1:1: Premature end of file.
2025-10-04 11:40:38,183 [ERROR] LogOutputStream:75 - [STDERR_REDIRECT] 
2025-10-04 11:40:38,980 [INFO] Can:71 - Can Add PropertyChangeListener com.st.microxplorer.plugins.ip.can.Can@c5643a1
2025-10-04 11:40:39,135 [INFO] NvicIntPanel:101 - NVIC parent = com.st.microxplorer.plugins.ip.nvic.MultiNvicIntPanel[,0,0,0x0,invalid,layout=javax.swing.BoxLayout,alignmentX=0.0,alignmentY=0.0,border=,flags=9,maximumSize=,minimumSize=,preferredSize=]
2025-10-04 11:40:39,189 [ERROR] LogOutputStream:75 - [STDERR_REDIRECT] [Fatal Error] :1:1: Premature end of file.
2025-10-04 11:40:39,189 [ERROR] LogOutputStream:75 - [STDERR_REDIRECT] 
2025-10-04 11:40:40,182 [ERROR] LogOutputStream:75 - [STDERR_REDIRECT] [Fatal Error] :1:1: Premature end of file.
2025-10-04 11:40:40,182 [ERROR] LogOutputStream:75 - [STDERR_REDIRECT] 
2025-10-04 11:40:41,182 [ERROR] LogOutputStream:75 - [STDERR_REDIRECT] [Fatal Error] :1:1: Premature end of file.
2025-10-04 11:40:41,182 [ERROR] LogOutputStream:75 - [STDERR_REDIRECT] 
2025-10-04 11:40:42,182 [ERROR] LogOutputStream:75 - [STDERR_REDIRECT] [Fatal Error] :1:1: Premature end of file.
2025-10-04 11:40:42,182 [ERROR] LogOutputStream:75 - [STDERR_REDIRECT] 
2025-10-04 11:40:43,181 [ERROR] LogOutputStream:75 - [STDERR_REDIRECT] [Fatal Error] :1:1: Premature end of file.
2025-10-04 11:40:43,182 [ERROR] LogOutputStream:75 - [STDERR_REDIRECT] 
2025-10-04 11:40:44,183 [ERROR] LogOutputStream:75 - [STDERR_REDIRECT] [Fatal Error] :1:1: Premature end of file.
2025-10-04 11:40:44,183 [ERROR] LogOutputStream:75 - [STDERR_REDIRECT] 
2025-10-04 11:40:45,183 [ERROR] LogOutputStream:75 - [STDERR_REDIRECT] [Fatal Error] :1:1: Premature end of file.
2025-10-04 11:40:45,183 [ERROR] LogOutputStream:75 - [STDERR_REDIRECT] 
2025-10-04 11:40:46,182 [ERROR] LogOutputStream:75 - [STDERR_REDIRECT] [Fatal Error] :1:1: Premature end of file.
2025-10-04 11:40:46,183 [ERROR] LogOutputStream:75 - [STDERR_REDIRECT] 
2025-10-04 11:40:47,182 [ERROR] LogOutputStream:75 - [STDERR_REDIRECT] [Fatal Error] :1:1: Premature end of file.
2025-10-04 11:40:47,182 [ERROR] LogOutputStream:75 - [STDERR_REDIRECT] 
2025-10-04 11:40:48,184 [ERROR] LogOutputStream:75 - [STDERR_REDIRECT] [Fatal Error] :1:1: Premature end of file.
2025-10-04 11:40:48,185 [ERROR] LogOutputStream:75 - [STDERR_REDIRECT] 
2025-10-04 11:40:49,183 [ERROR] LogOutputStream:75 - [STDERR_REDIRECT] [Fatal Error] :1:1: Premature end of file.
2025-10-04 11:40:49,183 [ERROR] LogOutputStream:75 - [STDERR_REDIRECT] 
2025-10-04 11:40:50,185 [ERROR] LogOutputStream:75 - [STDERR_REDIRECT] [Fatal Error] :1:1: Premature end of file.
2025-10-04 11:40:50,186 [ERROR] LogOutputStream:75 - [STDERR_REDIRECT] 
2025-10-04 11:40:51,182 [ERROR] LogOutputStream:75 - [STDERR_REDIRECT] [Fatal Error] :1:1: Premature end of file.
2025-10-04 11:40:51,182 [ERROR] LogOutputStream:75 - [STDERR_REDIRECT] 
2025-10-04 11:40:52,187 [ERROR] LogOutputStream:75 - [STDERR_REDIRECT] [Fatal Error] :1:1: Premature end of file.
2025-10-04 11:40:52,187 [ERROR] LogOutputStream:75 - [STDERR_REDIRECT] 
2025-10-04 11:40:53,183 [ERROR] LogOutputStream:75 - [STDERR_REDIRECT] [Fatal Error] :1:1: Premature end of file.
2025-10-04 11:40:53,184 [ERROR] LogOutputStream:75 - [STDERR_REDIRECT] 
2025-10-04 11:40:54,182 [ERROR] LogOutputStream:75 - [STDERR_REDIRECT] [Fatal Error] :1:1: Premature end of file.
2025-10-04 11:40:54,182 [ERROR] LogOutputStream:75 - [STDERR_REDIRECT] 
2025-10-04 11:40:55,185 [ERROR] LogOutputStream:75 - [STDERR_REDIRECT] [Fatal Error] :1:1: Premature end of file.
2025-10-04 11:40:55,185 [ERROR] LogOutputStream:75 - [STDERR_REDIRECT] 
2025-10-04 11:40:56,183 [ERROR] LogOutputStream:75 - [STDERR_REDIRECT] [Fatal Error] :1:1: Premature end of file.
2025-10-04 11:40:56,183 [ERROR] LogOutputStream:75 - [STDERR_REDIRECT] 
2025-10-04 11:40:57,191 [ERROR] LogOutputStream:75 - [STDERR_REDIRECT] [Fatal Error] :1:1: Premature end of file.
2025-10-04 11:40:57,191 [ERROR] LogOutputStream:75 - [STDERR_REDIRECT] 
2025-10-04 11:40:58,189 [ERROR] LogOutputStream:75 - [STDERR_REDIRECT] [Fatal Error] :1:1: Premature end of file.
2025-10-04 11:40:58,189 [ERROR] LogOutputStream:75 - [STDERR_REDIRECT] 
2025-10-04 11:40:59,182 [ERROR] LogOutputStream:75 - [STDERR_REDIRECT] [Fatal Error] :1:1: Premature end of file.
2025-10-04 11:40:59,182 [ERROR] LogOutputStream:75 - [STDERR_REDIRECT] 
2025-10-04 11:41:00,195 [ERROR] LogOutputStream:75 - [STDERR_REDIRECT] [Fatal Error] :1:1: Premature end of file.
2025-10-04 11:41:00,195 [ERROR] LogOutputStream:75 - [STDERR_REDIRECT] 
2025-10-04 11:41:01,189 [ERROR] LogOutputStream:75 - [STDERR_REDIRECT] [Fatal Error] :1:1: Premature end of file.
2025-10-04 11:41:01,190 [ERROR] LogOutputStream:75 - [STDERR_REDIRECT] 
2025-10-04 11:41:02,150 [INFO] UtilMem:75 - End SaveConfig() Used Memory: 664349720 Bytes (1073741824)
2025-10-04 11:41:02,200 [ERROR] LogOutputStream:75 - [STDERR_REDIRECT] [Fatal Error] :1:1: Premature end of file.
2025-10-04 11:41:02,201 [ERROR] LogOutputStream:75 - [STDERR_REDIRECT] 
2025-10-04 11:41:03,187 [ERROR] LogOutputStream:75 - [STDERR_REDIRECT] [Fatal Error] :1:1: Premature end of file.
2025-10-04 11:41:03,188 [ERROR] LogOutputStream:75 - [STDERR_REDIRECT] 
2025-10-04 11:41:04,376 [ERROR] LogOutputStream:75 - [STDERR_REDIRECT] [Fatal Error] :1:1: Premature end of file.
2025-10-04 11:41:04,377 [ERROR] LogOutputStream:75 - [STDERR_REDIRECT] 
2025-10-04 11:41:05,198 [INFO] UtilMem:75 - End SaveConfig() Used Memory: 809636008 Bytes (1073741824)
2025-10-04 11:41:05,210 [ERROR] LogOutputStream:75 - [STDERR_REDIRECT] [Fatal Error] :1:1: Premature end of file.
2025-10-04 11:41:05,211 [ERROR] LogOutputStream:75 - [STDERR_REDIRECT] 
2025-10-04 11:41:05,493 [INFO] BlockDiagram:2775 - set Specific Code input for plugin: NVIC
2025-10-04 11:41:05,493 [INFO] BlockDiagram:2775 - set Specific Code input for plugin: SYS
2025-10-04 11:41:05,493 [INFO] BlockDiagram:2775 - set Specific Code input for plugin: GPIO
2025-10-04 11:41:05,493 [INFO] BlockDiagram:2775 - set Specific Code input for plugin: CAN
2025-10-04 11:41:05,493 [INFO] BlockDiagram:2775 - set Specific Code input for plugin: RCC
2025-10-04 11:41:05,494 [INFO] CodeGenerator:882 - code generatio: config db path: C:\ST\STM32CubeIDE_1.18.0\STM32CubeIDE\plugins\com.st.stm32cube.common.mx_6.14.0.202502271554\\db\
2025-10-04 11:41:05,587 [INFO] CodeEngine:263 - oldGeneratedFile, C:\Users\2939K\STM32CubeIDE\workspace_BMS\JKBMS_debug_byCAN\MXTmpFiles\license.tmp_save
2025-10-04 11:41:05,667 [INFO] CodeEngine:287 - Generated code: C:\Users\2939K\STM32CubeIDE\workspace_BMS\JKBMS_debug_byCAN\MXTmpFiles\license.tmp
2025-10-04 11:41:05,709 [INFO] CodeEngine:263 - oldGeneratedFile, C:\Users\2939K\STM32CubeIDE\workspace_BMS\JKBMS_debug_byCAN\MXTmpFiles\gpio.tmp_save
2025-10-04 11:41:05,786 [INFO] CodeEngine:287 - Generated code: C:\Users\2939K\STM32CubeIDE\workspace_BMS\JKBMS_debug_byCAN\MXTmpFiles\gpio.tmp
2025-10-04 11:41:05,833 [INFO] CodeEngine:263 - oldGeneratedFile, C:\Users\2939K\STM32CubeIDE\workspace_BMS\JKBMS_debug_byCAN\Core\Src\stm32f1xx_it.c_save
2025-10-04 11:41:05,910 [INFO] CodeEngine:287 - Generated code: C:\Users\2939K\STM32CubeIDE\workspace_BMS\JKBMS_debug_byCAN\Core\Src\stm32f1xx_it.c
2025-10-04 11:41:05,917 [INFO] CodeEngine:263 - oldGeneratedFile, C:\Users\2939K\STM32CubeIDE\workspace_BMS\JKBMS_debug_byCAN\Core\Inc\stm32f1xx_it.h_save
2025-10-04 11:41:05,982 [INFO] CodeEngine:287 - Generated code: C:\Users\2939K\STM32CubeIDE\workspace_BMS\JKBMS_debug_byCAN\Core\Inc\stm32f1xx_it.h
2025-10-04 11:41:05,997 [INFO] CodeEngine:263 - oldGeneratedFile, C:\Users\2939K\STM32CubeIDE\workspace_BMS\JKBMS_debug_byCAN\Core\Src\stm32f1xx_hal_msp.c_save
2025-10-04 11:41:06,105 [INFO] CodeEngine:287 - Generated code: C:\Users\2939K\STM32CubeIDE\workspace_BMS\JKBMS_debug_byCAN\Core\Src\stm32f1xx_hal_msp.c
2025-10-04 11:41:06,114 [INFO] CodeEngine:263 - oldGeneratedFile, C:\Users\2939K\STM32CubeIDE\workspace_BMS\JKBMS_debug_byCAN\MXTmpFiles\system.tmp_save
2025-10-04 11:41:06,178 [INFO] CodeEngine:287 - Generated code: C:\Users\2939K\STM32CubeIDE\workspace_BMS\JKBMS_debug_byCAN\MXTmpFiles\system.tmp
2025-10-04 11:41:06,193 [INFO] CodeEngine:319 - oldGeneratedFile, C:\Users\2939K\STM32CubeIDE\workspace_BMS\JKBMS_debug_byCAN\Core\Inc\stm32f1xx_hal_conf.h_save
2025-10-04 11:41:06,196 [ERROR] LogOutputStream:75 - [STDERR_REDIRECT] [Fatal Error] :1:1: Premature end of file.
2025-10-04 11:41:06,196 [ERROR] LogOutputStream:75 - [STDERR_REDIRECT] 
2025-10-04 11:41:06,261 [INFO] CodeEngine:343 - Generated code: C:\Users\2939K\STM32CubeIDE\workspace_BMS\JKBMS_debug_byCAN\Core\Inc\stm32f1xx_hal_conf.h
2025-10-04 11:41:06,286 [INFO] ApiDbMcu:508 - Load IP Config File for CAN
2025-10-04 11:41:06,299 [INFO] CodeEngine:263 - oldGeneratedFile, C:\Users\2939K\STM32CubeIDE\workspace_BMS\JKBMS_debug_byCAN\Core\Inc\main.h_save
2025-10-04 11:41:06,369 [INFO] CodeEngine:287 - Generated code: C:\Users\2939K\STM32CubeIDE\workspace_BMS\JKBMS_debug_byCAN\Core\Inc\main.h
2025-10-04 11:41:06,377 [INFO] CodeEngine:263 - oldGeneratedFile, C:\Users\2939K\STM32CubeIDE\workspace_BMS\JKBMS_debug_byCAN\Core\Src\main.c_save
2025-10-04 11:41:06,473 [INFO] CodeEngine:287 - Generated code: C:\Users\2939K\STM32CubeIDE\workspace_BMS\JKBMS_debug_byCAN\Core\Src\main.c
2025-10-04 11:41:06,786 [INFO] ProjectBuilder:3324 - Time for Copy HAL[1] : 131mS.
2025-10-04 11:41:06,791 [INFO] ProjectBuilder:4912 - Project Generator version: 4.6.0-B36
2025-10-04 11:41:06,866 [INFO] ConfigFileManager:1590 - The Die is : DIE410
2025-10-04 11:41:07,241 [ERROR] LogOutputStream:75 - [STDERR_REDIRECT] [Fatal Error] :1:1: Premature end of file.
2025-10-04 11:41:07,242 [ERROR] LogOutputStream:75 - [STDERR_REDIRECT] 
2025-10-04 11:41:08,027 [INFO] ProjectBuilder:5191 - Time for Generating toolchain IDE Files: 1236mS.
2025-10-04 11:41:08,029 [INFO] ProjectBuilder:3181 - Time for Copy CMSIS : 2mS.
2025-10-04 11:41:08,033 [INFO] ProjectBuilder:3181 - Time for Copy CMSIS : 0mS.
2025-10-04 11:41:08,195 [ERROR] LogOutputStream:75 - [STDERR_REDIRECT] [Fatal Error] :1:1: Premature end of file.
2025-10-04 11:41:08,195 [ERROR] LogOutputStream:75 - [STDERR_REDIRECT] 
2025-10-04 11:41:09,211 [ERROR] LogOutputStream:75 - [STDERR_REDIRECT] [Fatal Error] :1:1: Premature end of file.
2025-10-04 11:41:09,211 [ERROR] LogOutputStream:75 - [STDERR_REDIRECT] 
2025-10-04 11:41:10,189 [ERROR] LogOutputStream:75 - [STDERR_REDIRECT] [Fatal Error] :1:1: Premature end of file.
2025-10-04 11:41:10,189 [ERROR] LogOutputStream:75 - [STDERR_REDIRECT] 
2025-10-04 11:41:11,196 [ERROR] LogOutputStream:75 - [STDERR_REDIRECT] [Fatal Error] :1:1: Premature end of file.
2025-10-04 11:41:11,196 [ERROR] LogOutputStream:75 - [STDERR_REDIRECT] 
2025-10-04 11:41:12,189 [ERROR] LogOutputStream:75 - [STDERR_REDIRECT] [Fatal Error] :1:1: Premature end of file.
2025-10-04 11:41:12,189 [ERROR] LogOutputStream:75 - [STDERR_REDIRECT] 
2025-10-04 11:41:13,188 [ERROR] LogOutputStream:75 - [STDERR_REDIRECT] [Fatal Error] :1:1: Premature end of file.
2025-10-04 11:41:13,188 [ERROR] LogOutputStream:75 - [STDERR_REDIRECT] 
2025-10-04 11:41:14,199 [ERROR] LogOutputStream:75 - [STDERR_REDIRECT] [Fatal Error] :1:1: Premature end of file.
2025-10-04 11:41:14,200 [ERROR] LogOutputStream:75 - [STDERR_REDIRECT] 
2025-10-04 11:41:15,198 [ERROR] LogOutputStream:75 - [STDERR_REDIRECT] [Fatal Error] :1:1: Premature end of file.
2025-10-04 11:41:15,198 [ERROR] LogOutputStream:75 - [STDERR_REDIRECT] 
2025-10-04 11:41:16,190 [ERROR] LogOutputStream:75 - [STDERR_REDIRECT] [Fatal Error] :1:1: Premature end of file.
2025-10-04 11:41:16,190 [ERROR] LogOutputStream:75 - [STDERR_REDIRECT] 
2025-10-04 11:41:17,199 [ERROR] LogOutputStream:75 - [STDERR_REDIRECT] [Fatal Error] :1:1: Premature end of file.
2025-10-04 11:41:17,199 [ERROR] LogOutputStream:75 - [STDERR_REDIRECT] 
2025-10-04 11:41:18,192 [ERROR] LogOutputStream:75 - [STDERR_REDIRECT] [Fatal Error] :1:1: Premature end of file.
2025-10-04 11:41:18,192 [ERROR] LogOutputStream:75 - [STDERR_REDIRECT] 
2025-10-04 11:41:19,185 [ERROR] LogOutputStream:75 - [STDERR_REDIRECT] [Fatal Error] :1:1: Premature end of file.
2025-10-04 11:41:19,185 [ERROR] LogOutputStream:75 - [STDERR_REDIRECT] 
2025-10-04 11:41:20,196 [ERROR] LogOutputStream:75 - [STDERR_REDIRECT] [Fatal Error] :1:1: Premature end of file.
2025-10-04 11:41:20,196 [ERROR] LogOutputStream:75 - [STDERR_REDIRECT] 
2025-10-04 11:41:21,190 [ERROR] LogOutputStream:75 - [STDERR_REDIRECT] [Fatal Error] :1:1: Premature end of file.
2025-10-04 11:41:21,190 [ERROR] LogOutputStream:75 - [STDERR_REDIRECT] 
2025-10-04 11:41:22,200 [ERROR] LogOutputStream:75 - [STDERR_REDIRECT] [Fatal Error] :1:1: Premature end of file.
2025-10-04 11:41:22,200 [ERROR] LogOutputStream:75 - [STDERR_REDIRECT] 
2025-10-04 11:41:23,195 [ERROR] LogOutputStream:75 - [STDERR_REDIRECT] [Fatal Error] :1:1: Premature end of file.
2025-10-04 11:41:23,195 [ERROR] LogOutputStream:75 - [STDERR_REDIRECT] 
2025-10-04 11:41:24,188 [ERROR] LogOutputStream:75 - [STDERR_REDIRECT] [Fatal Error] :1:1: Premature end of file.
2025-10-04 11:41:24,188 [ERROR] LogOutputStream:75 - [STDERR_REDIRECT] 
2025-10-04 11:41:25,187 [ERROR] LogOutputStream:75 - [STDERR_REDIRECT] [Fatal Error] :1:1: Premature end of file.
2025-10-04 11:41:25,187 [ERROR] LogOutputStream:75 - [STDERR_REDIRECT] 
2025-10-04 11:41:26,197 [ERROR] LogOutputStream:75 - [STDERR_REDIRECT] [Fatal Error] :1:1: Premature end of file.
2025-10-04 11:41:26,197 [ERROR] LogOutputStream:75 - [STDERR_REDIRECT] 
2025-10-04 11:41:27,193 [ERROR] LogOutputStream:75 - [STDERR_REDIRECT] [Fatal Error] :1:1: Premature end of file.
2025-10-04 11:41:27,193 [ERROR] LogOutputStream:75 - [STDERR_REDIRECT] 
2025-10-04 11:41:28,193 [ERROR] LogOutputStream:75 - [STDERR_REDIRECT] [Fatal Error] :1:1: Premature end of file.
2025-10-04 11:41:28,193 [ERROR] LogOutputStream:75 - [STDERR_REDIRECT] 
2025-10-04 11:41:29,187 [ERROR] LogOutputStream:75 - [STDERR_REDIRECT] [Fatal Error] :1:1: Premature end of file.
2025-10-04 11:41:29,188 [ERROR] LogOutputStream:75 - [STDERR_REDIRECT] 
2025-10-04 11:41:30,196 [ERROR] LogOutputStream:75 - [STDERR_REDIRECT] [Fatal Error] :1:1: Premature end of file.
2025-10-04 11:41:30,196 [ERROR] LogOutputStream:75 - [STDERR_REDIRECT] 
2025-10-04 11:41:31,191 [ERROR] LogOutputStream:75 - [STDERR_REDIRECT] [Fatal Error] :1:1: Premature end of file.
2025-10-04 11:41:31,191 [ERROR] LogOutputStream:75 - [STDERR_REDIRECT] 
2025-10-04 11:41:32,187 [ERROR] LogOutputStream:75 - [STDERR_REDIRECT] [Fatal Error] :1:1: Premature end of file.
2025-10-04 11:41:32,187 [ERROR] LogOutputStream:75 - [STDERR_REDIRECT] 
2025-10-04 11:41:33,188 [ERROR] LogOutputStream:75 - [STDERR_REDIRECT] [Fatal Error] :1:1: Premature end of file.
2025-10-04 11:41:33,188 [ERROR] LogOutputStream:75 - [STDERR_REDIRECT] 
2025-10-04 11:41:34,197 [ERROR] LogOutputStream:75 - [STDERR_REDIRECT] [Fatal Error] :1:1: Premature end of file.
2025-10-04 11:41:34,197 [ERROR] LogOutputStream:75 - [STDERR_REDIRECT] 
2025-10-04 11:41:35,195 [ERROR] LogOutputStream:75 - [STDERR_REDIRECT] [Fatal Error] :1:1: Premature end of file.
2025-10-04 11:41:35,195 [ERROR] LogOutputStream:75 - [STDERR_REDIRECT] 
2025-10-04 11:41:36,190 [ERROR] LogOutputStream:75 - [STDERR_REDIRECT] [Fatal Error] :1:1: Premature end of file.
2025-10-04 11:41:36,190 [ERROR] LogOutputStream:75 - [STDERR_REDIRECT] 
2025-10-04 11:41:37,199 [ERROR] LogOutputStream:75 - [STDERR_REDIRECT] [Fatal Error] :1:1: Premature end of file.
2025-10-04 11:41:37,199 [ERROR] LogOutputStream:75 - [STDERR_REDIRECT] 
2025-10-04 11:41:38,189 [ERROR] LogOutputStream:75 - [STDERR_REDIRECT] [Fatal Error] :1:1: Premature end of file.
2025-10-04 11:41:38,189 [ERROR] LogOutputStream:75 - [STDERR_REDIRECT] 
2025-10-04 11:41:39,193 [ERROR] LogOutputStream:75 - [STDERR_REDIRECT] [Fatal Error] :1:1: Premature end of file.
2025-10-04 11:41:39,193 [ERROR] LogOutputStream:75 - [STDERR_REDIRECT] 
2025-10-04 11:41:40,187 [ERROR] LogOutputStream:75 - [STDERR_REDIRECT] [Fatal Error] :1:1: Premature end of file.
2025-10-04 11:41:40,187 [ERROR] LogOutputStream:75 - [STDERR_REDIRECT] 
2025-10-04 11:41:41,195 [ERROR] LogOutputStream:75 - [STDERR_REDIRECT] [Fatal Error] :1:1: Premature end of file.
2025-10-04 11:41:41,195 [ERROR] LogOutputStream:75 - [STDERR_REDIRECT] 
2025-10-04 11:41:42,189 [ERROR] LogOutputStream:75 - [STDERR_REDIRECT] [Fatal Error] :1:1: Premature end of file.
2025-10-04 11:41:42,189 [ERROR] LogOutputStream:75 - [STDERR_REDIRECT] 
2025-10-04 11:41:43,200 [ERROR] LogOutputStream:75 - [STDERR_REDIRECT] [Fatal Error] :1:1: Premature end of file.
2025-10-04 11:41:43,200 [ERROR] LogOutputStream:75 - [STDERR_REDIRECT] 
2025-10-04 11:41:44,193 [ERROR] LogOutputStream:75 - [STDERR_REDIRECT] [Fatal Error] :1:1: Premature end of file.
2025-10-04 11:41:44,193 [ERROR] LogOutputStream:75 - [STDERR_REDIRECT] 
2025-10-04 11:41:45,187 [ERROR] LogOutputStream:75 - [STDERR_REDIRECT] [Fatal Error] :1:1: Premature end of file.
2025-10-04 11:41:45,187 [ERROR] LogOutputStream:75 - [STDERR_REDIRECT] 
2025-10-04 11:41:46,197 [ERROR] LogOutputStream:75 - [STDERR_REDIRECT] [Fatal Error] :1:1: Premature end of file.
2025-10-04 11:41:46,197 [ERROR] LogOutputStream:75 - [STDERR_REDIRECT] 
2025-10-04 11:41:47,190 [ERROR] LogOutputStream:75 - [STDERR_REDIRECT] [Fatal Error] :1:1: Premature end of file.
2025-10-04 11:41:47,190 [ERROR] LogOutputStream:75 - [STDERR_REDIRECT] 
2025-10-04 11:41:48,187 [ERROR] LogOutputStream:75 - [STDERR_REDIRECT] [Fatal Error] :1:1: Premature end of file.
2025-10-04 11:41:48,187 [ERROR] LogOutputStream:75 - [STDERR_REDIRECT] 
2025-10-04 11:41:49,186 [ERROR] LogOutputStream:75 - [STDERR_REDIRECT] [Fatal Error] :1:1: Premature end of file.
2025-10-04 11:41:49,186 [ERROR] LogOutputStream:75 - [STDERR_REDIRECT] 
2025-10-04 11:41:50,195 [ERROR] LogOutputStream:75 - [STDERR_REDIRECT] [Fatal Error] :1:1: Premature end of file.
2025-10-04 11:41:50,196 [ERROR] LogOutputStream:75 - [STDERR_REDIRECT] 
2025-10-04 11:41:51,190 [ERROR] LogOutputStream:75 - [STDERR_REDIRECT] [Fatal Error] :1:1: Premature end of file.
2025-10-04 11:41:51,190 [ERROR] LogOutputStream:75 - [STDERR_REDIRECT] 
2025-10-04 11:41:52,186 [ERROR] LogOutputStream:75 - [STDERR_REDIRECT] [Fatal Error] :1:1: Premature end of file.
2025-10-04 11:41:52,186 [ERROR] LogOutputStream:75 - [STDERR_REDIRECT] 
2025-10-04 11:41:53,186 [ERROR] LogOutputStream:75 - [STDERR_REDIRECT] [Fatal Error] :1:1: Premature end of file.
2025-10-04 11:41:53,186 [ERROR] LogOutputStream:75 - [STDERR_REDIRECT] 
2025-10-04 11:41:54,195 [ERROR] LogOutputStream:75 - [STDERR_REDIRECT] [Fatal Error] :1:1: Premature end of file.
2025-10-04 11:41:54,195 [ERROR] LogOutputStream:75 - [STDERR_REDIRECT] 
2025-10-04 11:41:55,195 [ERROR] LogOutputStream:75 - [STDERR_REDIRECT] [Fatal Error] :1:1: Premature end of file.
2025-10-04 11:41:55,196 [ERROR] LogOutputStream:75 - [STDERR_REDIRECT] 
2025-10-04 11:41:56,200 [ERROR] LogOutputStream:75 - [STDERR_REDIRECT] [Fatal Error] :1:1: Premature end of file.
2025-10-04 11:41:56,200 [ERROR] LogOutputStream:75 - [STDERR_REDIRECT] 
2025-10-04 11:41:57,196 [ERROR] LogOutputStream:75 - [STDERR_REDIRECT] [Fatal Error] :1:1: Premature end of file.
2025-10-04 11:41:57,197 [ERROR] LogOutputStream:75 - [STDERR_REDIRECT] 
2025-10-04 11:41:58,185 [ERROR] LogOutputStream:75 - [STDERR_REDIRECT] [Fatal Error] :1:1: Premature end of file.
2025-10-04 11:41:58,187 [ERROR] LogOutputStream:75 - [STDERR_REDIRECT] 
2025-10-04 11:41:59,201 [ERROR] LogOutputStream:75 - [STDERR_REDIRECT] [Fatal Error] :1:1: Premature end of file.
2025-10-04 11:41:59,201 [ERROR] LogOutputStream:75 - [STDERR_REDIRECT] 
2025-10-04 11:42:00,190 [ERROR] LogOutputStream:75 - [STDERR_REDIRECT] [Fatal Error] :1:1: Premature end of file.
2025-10-04 11:42:00,190 [ERROR] LogOutputStream:75 - [STDERR_REDIRECT] 
2025-10-04 11:42:01,183 [ERROR] LogOutputStream:75 - [STDERR_REDIRECT] [Fatal Error] :1:1: Premature end of file.
2025-10-04 11:42:01,183 [ERROR] LogOutputStream:75 - [STDERR_REDIRECT] 
2025-10-04 11:42:02,195 [ERROR] LogOutputStream:75 - [STDERR_REDIRECT] [Fatal Error] :1:1: Premature end of file.
2025-10-04 11:42:02,195 [ERROR] LogOutputStream:75 - [STDERR_REDIRECT] 
2025-10-04 11:42:03,195 [ERROR] LogOutputStream:75 - [STDERR_REDIRECT] [Fatal Error] :1:1: Premature end of file.
2025-10-04 11:42:03,196 [ERROR] LogOutputStream:75 - [STDERR_REDIRECT] 
2025-10-04 11:42:04,191 [ERROR] LogOutputStream:75 - [STDERR_REDIRECT] [Fatal Error] :1:1: Premature end of file.
2025-10-04 11:42:04,191 [ERROR] LogOutputStream:75 - [STDERR_REDIRECT] 
2025-10-04 11:42:05,187 [ERROR] LogOutputStream:75 - [STDERR_REDIRECT] [Fatal Error] :1:1: Premature end of file.
2025-10-04 11:42:05,187 [ERROR] LogOutputStream:75 - [STDERR_REDIRECT] 
2025-10-04 11:42:06,183 [ERROR] LogOutputStream:75 - [STDERR_REDIRECT] [Fatal Error] :1:1: Premature end of file.
2025-10-04 11:42:06,183 [ERROR] LogOutputStream:75 - [STDERR_REDIRECT] 
2025-10-04 11:42:07,198 [ERROR] LogOutputStream:75 - [STDERR_REDIRECT] [Fatal Error] :1:1: Premature end of file.
2025-10-04 11:42:07,198 [ERROR] LogOutputStream:75 - [STDERR_REDIRECT] 
2025-10-04 11:42:08,196 [ERROR] LogOutputStream:75 - [STDERR_REDIRECT] [Fatal Error] :1:1: Premature end of file.
2025-10-04 11:42:08,196 [ERROR] LogOutputStream:75 - [STDERR_REDIRECT] 
2025-10-04 11:42:09,193 [ERROR] LogOutputStream:75 - [STDERR_REDIRECT] [Fatal Error] :1:1: Premature end of file.
2025-10-04 11:42:09,194 [ERROR] LogOutputStream:75 - [STDERR_REDIRECT] 
2025-10-04 11:42:10,184 [ERROR] LogOutputStream:75 - [STDERR_REDIRECT] [Fatal Error] :1:1: Premature end of file.
2025-10-04 11:42:10,184 [ERROR] LogOutputStream:75 - [STDERR_REDIRECT] 
2025-10-04 11:42:11,192 [ERROR] LogOutputStream:75 - [STDERR_REDIRECT] [Fatal Error] :1:1: Premature end of file.
2025-10-04 11:42:11,192 [ERROR] LogOutputStream:75 - [STDERR_REDIRECT] 
2025-10-04 11:42:12,181 [ERROR] LogOutputStream:75 - [STDERR_REDIRECT] [Fatal Error] :1:1: Premature end of file.
2025-10-04 11:42:12,181 [ERROR] LogOutputStream:75 - [STDERR_REDIRECT] 
2025-10-04 11:42:13,191 [ERROR] LogOutputStream:75 - [STDERR_REDIRECT] [Fatal Error] :1:1: Premature end of file.
2025-10-04 11:42:13,191 [ERROR] LogOutputStream:75 - [STDERR_REDIRECT] 
2025-10-04 11:42:14,187 [ERROR] LogOutputStream:75 - [STDERR_REDIRECT] [Fatal Error] :1:1: Premature end of file.
2025-10-04 11:42:14,187 [ERROR] LogOutputStream:75 - [STDERR_REDIRECT] 
2025-10-04 11:42:15,193 [ERROR] LogOutputStream:75 - [STDERR_REDIRECT] [Fatal Error] :1:1: Premature end of file.
2025-10-04 11:42:15,194 [ERROR] LogOutputStream:75 - [STDERR_REDIRECT] 
2025-10-04 11:42:16,189 [ERROR] LogOutputStream:75 - [STDERR_REDIRECT] [Fatal Error] :1:1: Premature end of file.
2025-10-04 11:42:16,190 [ERROR] LogOutputStream:75 - [STDERR_REDIRECT] 
2025-10-04 11:42:17,187 [ERROR] LogOutputStream:75 - [STDERR_REDIRECT] [Fatal Error] :1:1: Premature end of file.
2025-10-04 11:42:17,187 [ERROR] LogOutputStream:75 - [STDERR_REDIRECT] 
2025-10-04 11:42:18,195 [ERROR] LogOutputStream:75 - [STDERR_REDIRECT] [Fatal Error] :1:1: Premature end of file.
2025-10-04 11:42:18,196 [ERROR] LogOutputStream:75 - [STDERR_REDIRECT] 
2025-10-04 11:42:19,194 [ERROR] LogOutputStream:75 - [STDERR_REDIRECT] [Fatal Error] :1:1: Premature end of file.
2025-10-04 11:42:19,194 [ERROR] LogOutputStream:75 - [STDERR_REDIRECT] 
2025-10-04 11:42:20,185 [ERROR] LogOutputStream:75 - [STDERR_REDIRECT] [Fatal Error] :1:1: Premature end of file.
2025-10-04 11:42:20,185 [ERROR] LogOutputStream:75 - [STDERR_REDIRECT] 
2025-10-04 11:42:21,194 [ERROR] LogOutputStream:75 - [STDERR_REDIRECT] [Fatal Error] :1:1: Premature end of file.
2025-10-04 11:42:21,194 [ERROR] LogOutputStream:75 - [STDERR_REDIRECT] 
2025-10-04 11:42:22,186 [ERROR] LogOutputStream:75 - [STDERR_REDIRECT] [Fatal Error] :1:1: Premature end of file.
2025-10-04 11:42:22,187 [ERROR] LogOutputStream:75 - [STDERR_REDIRECT] 
2025-10-04 11:42:23,195 [ERROR] LogOutputStream:75 - [STDERR_REDIRECT] [Fatal Error] :1:1: Premature end of file.
2025-10-04 11:42:23,195 [ERROR] LogOutputStream:75 - [STDERR_REDIRECT] 
2025-10-04 11:42:24,190 [ERROR] LogOutputStream:75 - [STDERR_REDIRECT] [Fatal Error] :1:1: Premature end of file.
2025-10-04 11:42:24,191 [ERROR] LogOutputStream:75 - [STDERR_REDIRECT] 
2025-10-04 11:42:25,183 [ERROR] LogOutputStream:75 - [STDERR_REDIRECT] [Fatal Error] :1:1: Premature end of file.
2025-10-04 11:42:25,185 [ERROR] LogOutputStream:75 - [STDERR_REDIRECT] 
2025-10-04 11:42:26,193 [ERROR] LogOutputStream:75 - [STDERR_REDIRECT] [Fatal Error] :1:1: Premature end of file.
2025-10-04 11:42:26,193 [ERROR] LogOutputStream:75 - [STDERR_REDIRECT] 
2025-10-04 11:42:27,182 [ERROR] LogOutputStream:75 - [STDERR_REDIRECT] [Fatal Error] :1:1: Premature end of file.
2025-10-04 11:42:27,183 [ERROR] LogOutputStream:75 - [STDERR_REDIRECT] 
2025-10-04 11:42:28,193 [ERROR] LogOutputStream:75 - [STDERR_REDIRECT] [Fatal Error] :1:1: Premature end of file.
2025-10-04 11:42:28,193 [ERROR] LogOutputStream:75 - [STDERR_REDIRECT] 
2025-10-04 11:42:29,190 [ERROR] LogOutputStream:75 - [STDERR_REDIRECT] [Fatal Error] :1:1: Premature end of file.
2025-10-04 11:42:29,191 [ERROR] LogOutputStream:75 - [STDERR_REDIRECT] 
2025-10-04 11:42:30,185 [ERROR] LogOutputStream:75 - [STDERR_REDIRECT] [Fatal Error] :1:1: Premature end of file.
2025-10-04 11:42:30,185 [ERROR] LogOutputStream:75 - [STDERR_REDIRECT] 
2025-10-04 11:42:31,192 [ERROR] LogOutputStream:75 - [STDERR_REDIRECT] [Fatal Error] :1:1: Premature end of file.
2025-10-04 11:42:31,192 [ERROR] LogOutputStream:75 - [STDERR_REDIRECT] 
2025-10-04 11:42:32,195 [ERROR] LogOutputStream:75 - [STDERR_REDIRECT] [Fatal Error] :1:1: Premature end of file.
2025-10-04 11:42:32,195 [ERROR] LogOutputStream:75 - [STDERR_REDIRECT] 
2025-10-04 11:42:33,191 [ERROR] LogOutputStream:75 - [STDERR_REDIRECT] [Fatal Error] :1:1: Premature end of file.
2025-10-04 11:42:33,191 [ERROR] LogOutputStream:75 - [STDERR_REDIRECT] 
2025-10-04 11:42:34,183 [ERROR] LogOutputStream:75 - [STDERR_REDIRECT] [Fatal Error] :1:1: Premature end of file.
2025-10-04 11:42:34,184 [ERROR] LogOutputStream:75 - [STDERR_REDIRECT] 
2025-10-04 11:42:35,194 [ERROR] LogOutputStream:75 - [STDERR_REDIRECT] [Fatal Error] :1:1: Premature end of file.
2025-10-04 11:42:35,195 [ERROR] LogOutputStream:75 - [STDERR_REDIRECT] 
2025-10-04 11:42:36,190 [ERROR] LogOutputStream:75 - [STDERR_REDIRECT] [Fatal Error] :1:1: Premature end of file.
2025-10-04 11:42:36,190 [ERROR] LogOutputStream:75 - [STDERR_REDIRECT] 
2025-10-04 11:42:37,185 [ERROR] LogOutputStream:75 - [STDERR_REDIRECT] [Fatal Error] :1:1: Premature end of file.
2025-10-04 11:42:37,185 [ERROR] LogOutputStream:75 - [STDERR_REDIRECT] 
2025-10-04 11:42:38,182 [ERROR] LogOutputStream:75 - [STDERR_REDIRECT] [Fatal Error] :1:1: Premature end of file.
2025-10-04 11:42:38,182 [ERROR] LogOutputStream:75 - [STDERR_REDIRECT] 
2025-10-04 11:42:39,194 [ERROR] LogOutputStream:75 - [STDERR_REDIRECT] [Fatal Error] :1:1: Premature end of file.
2025-10-04 11:42:39,194 [ERROR] LogOutputStream:75 - [STDERR_REDIRECT] 
2025-10-04 11:42:40,192 [ERROR] LogOutputStream:75 - [STDERR_REDIRECT] [Fatal Error] :1:1: Premature end of file.
2025-10-04 11:42:40,192 [ERROR] LogOutputStream:75 - [STDERR_REDIRECT] 
2025-10-04 11:42:41,193 [ERROR] LogOutputStream:75 - [STDERR_REDIRECT] [Fatal Error] :1:1: Premature end of file.
2025-10-04 11:42:41,193 [ERROR] LogOutputStream:75 - [STDERR_REDIRECT] 
2025-10-04 11:42:42,182 [ERROR] LogOutputStream:75 - [STDERR_REDIRECT] [Fatal Error] :1:1: Premature end of file.
2025-10-04 11:42:42,182 [ERROR] LogOutputStream:75 - [STDERR_REDIRECT] 
2025-10-04 11:42:43,193 [ERROR] LogOutputStream:75 - [STDERR_REDIRECT] [Fatal Error] :1:1: Premature end of file.
2025-10-04 11:42:43,193 [ERROR] LogOutputStream:75 - [STDERR_REDIRECT] 
2025-10-04 11:42:44,186 [ERROR] LogOutputStream:75 - [STDERR_REDIRECT] [Fatal Error] :1:1: Premature end of file.
2025-10-04 11:42:44,186 [ERROR] LogOutputStream:75 - [STDERR_REDIRECT] 
2025-10-04 11:42:45,194 [ERROR] LogOutputStream:75 - [STDERR_REDIRECT] [Fatal Error] :1:1: Premature end of file.
2025-10-04 11:42:45,194 [ERROR] LogOutputStream:75 - [STDERR_REDIRECT] 
2025-10-04 11:42:46,195 [ERROR] LogOutputStream:75 - [STDERR_REDIRECT] [Fatal Error] :1:1: Premature end of file.
2025-10-04 11:42:46,195 [ERROR] LogOutputStream:75 - [STDERR_REDIRECT] 
2025-10-04 11:42:47,184 [ERROR] LogOutputStream:75 - [STDERR_REDIRECT] [Fatal Error] :1:1: Premature end of file.
2025-10-04 11:42:47,184 [ERROR] LogOutputStream:75 - [STDERR_REDIRECT] 
2025-10-04 11:42:48,197 [ERROR] LogOutputStream:75 - [STDERR_REDIRECT] [Fatal Error] :1:1: Premature end of file.
2025-10-04 11:42:48,197 [ERROR] LogOutputStream:75 - [STDERR_REDIRECT] 
2025-10-04 11:42:49,194 [ERROR] LogOutputStream:75 - [STDERR_REDIRECT] [Fatal Error] :1:1: Premature end of file.
2025-10-04 11:42:49,194 [ERROR] LogOutputStream:75 - [STDERR_REDIRECT] 
2025-10-04 11:42:50,187 [ERROR] LogOutputStream:75 - [STDERR_REDIRECT] [Fatal Error] :1:1: Premature end of file.
2025-10-04 11:42:50,187 [ERROR] LogOutputStream:75 - [STDERR_REDIRECT] 
2025-10-04 11:42:51,200 [ERROR] LogOutputStream:75 - [STDERR_REDIRECT] [Fatal Error] :1:1: Premature end of file.
2025-10-04 11:42:51,200 [ERROR] LogOutputStream:75 - [STDERR_REDIRECT] 
2025-10-04 11:42:52,195 [ERROR] LogOutputStream:75 - [STDERR_REDIRECT] [Fatal Error] :1:1: Premature end of file.
2025-10-04 11:42:52,195 [ERROR] LogOutputStream:75 - [STDERR_REDIRECT] 
2025-10-04 11:42:53,192 [ERROR] LogOutputStream:75 - [STDERR_REDIRECT] [Fatal Error] :1:1: Premature end of file.
2025-10-04 11:42:53,193 [ERROR] LogOutputStream:75 - [STDERR_REDIRECT] 
2025-10-04 11:42:54,183 [ERROR] LogOutputStream:75 - [STDERR_REDIRECT] [Fatal Error] :1:1: Premature end of file.
2025-10-04 11:42:54,183 [ERROR] LogOutputStream:75 - [STDERR_REDIRECT] 
2025-10-04 11:42:55,192 [ERROR] LogOutputStream:75 - [STDERR_REDIRECT] [Fatal Error] :1:1: Premature end of file.
2025-10-04 11:42:55,192 [ERROR] LogOutputStream:75 - [STDERR_REDIRECT] 
2025-10-04 11:42:56,235 [ERROR] LogOutputStream:75 - [STDERR_REDIRECT] [Fatal Error] :1:1: Premature end of file.
2025-10-04 11:42:56,235 [ERROR] LogOutputStream:75 - [STDERR_REDIRECT] 
2025-10-04 11:42:57,203 [ERROR] LogOutputStream:75 - [STDERR_REDIRECT] [Fatal Error] :1:1: Premature end of file.
2025-10-04 11:42:57,203 [ERROR] LogOutputStream:75 - [STDERR_REDIRECT] 
2025-10-04 11:42:58,191 [ERROR] LogOutputStream:75 - [STDERR_REDIRECT] [Fatal Error] :1:1: Premature end of file.
2025-10-04 11:42:58,191 [ERROR] LogOutputStream:75 - [STDERR_REDIRECT] 
2025-10-04 11:42:59,197 [ERROR] LogOutputStream:75 - [STDERR_REDIRECT] [Fatal Error] :1:1: Premature end of file.
2025-10-04 11:42:59,197 [ERROR] LogOutputStream:75 - [STDERR_REDIRECT] 
2025-10-04 11:43:00,194 [ERROR] LogOutputStream:75 - [STDERR_REDIRECT] [Fatal Error] :1:1: Premature end of file.
2025-10-04 11:43:00,194 [ERROR] LogOutputStream:75 - [STDERR_REDIRECT] 
2025-10-04 11:43:01,190 [ERROR] LogOutputStream:75 - [STDERR_REDIRECT] [Fatal Error] :1:1: Premature end of file.
2025-10-04 11:43:01,191 [ERROR] LogOutputStream:75 - [STDERR_REDIRECT] 
2025-10-04 11:43:02,185 [ERROR] LogOutputStream:75 - [STDERR_REDIRECT] [Fatal Error] :1:1: Premature end of file.
2025-10-04 11:43:02,185 [ERROR] LogOutputStream:75 - [STDERR_REDIRECT] 
2025-10-04 11:43:03,198 [ERROR] LogOutputStream:75 - [STDERR_REDIRECT] [Fatal Error] :1:1: Premature end of file.
2025-10-04 11:43:03,198 [ERROR] LogOutputStream:75 - [STDERR_REDIRECT] 
2025-10-04 11:43:04,189 [ERROR] LogOutputStream:75 - [STDERR_REDIRECT] [Fatal Error] :1:1: Premature end of file.
2025-10-04 11:43:04,189 [ERROR] LogOutputStream:75 - [STDERR_REDIRECT] 
2025-10-04 11:43:05,188 [ERROR] LogOutputStream:75 - [STDERR_REDIRECT] [Fatal Error] :1:1: Premature end of file.
2025-10-04 11:43:05,188 [ERROR] LogOutputStream:75 - [STDERR_REDIRECT] 
2025-10-04 11:43:06,184 [ERROR] LogOutputStream:75 - [STDERR_REDIRECT] [Fatal Error] :1:1: Premature end of file.
2025-10-04 11:43:06,184 [ERROR] LogOutputStream:75 - [STDERR_REDIRECT] 
2025-10-04 11:43:07,195 [ERROR] LogOutputStream:75 - [STDERR_REDIRECT] [Fatal Error] :1:1: Premature end of file.
2025-10-04 11:43:07,195 [ERROR] LogOutputStream:75 - [STDERR_REDIRECT] 
2025-10-04 11:43:08,193 [ERROR] LogOutputStream:75 - [STDERR_REDIRECT] [Fatal Error] :1:1: Premature end of file.
2025-10-04 11:43:08,193 [ERROR] LogOutputStream:75 - [STDERR_REDIRECT] 
2025-10-04 11:43:09,200 [ERROR] LogOutputStream:75 - [STDERR_REDIRECT] [Fatal Error] :1:1: Premature end of file.
2025-10-04 11:43:09,200 [ERROR] LogOutputStream:75 - [STDERR_REDIRECT] 
2025-10-04 11:43:10,191 [ERROR] LogOutputStream:75 - [STDERR_REDIRECT] [Fatal Error] :1:1: Premature end of file.
2025-10-04 11:43:10,191 [ERROR] LogOutputStream:75 - [STDERR_REDIRECT] 
2025-10-04 11:43:11,189 [ERROR] LogOutputStream:75 - [STDERR_REDIRECT] [Fatal Error] :1:1: Premature end of file.
2025-10-04 11:43:11,189 [ERROR] LogOutputStream:75 - [STDERR_REDIRECT] 
2025-10-04 11:43:12,199 [ERROR] LogOutputStream:75 - [STDERR_REDIRECT] [Fatal Error] :1:1: Premature end of file.
2025-10-04 11:43:12,199 [ERROR] LogOutputStream:75 - [STDERR_REDIRECT] 
2025-10-04 11:43:13,198 [ERROR] LogOutputStream:75 - [STDERR_REDIRECT] [Fatal Error] :1:1: Premature end of file.
2025-10-04 11:43:13,198 [ERROR] LogOutputStream:75 - [STDERR_REDIRECT] 
2025-10-04 11:43:14,191 [ERROR] LogOutputStream:75 - [STDERR_REDIRECT] [Fatal Error] :1:1: Premature end of file.
2025-10-04 11:43:14,191 [ERROR] LogOutputStream:75 - [STDERR_REDIRECT] 
2025-10-04 11:43:15,187 [ERROR] LogOutputStream:75 - [STDERR_REDIRECT] [Fatal Error] :1:1: Premature end of file.
2025-10-04 11:43:15,189 [ERROR] LogOutputStream:75 - [STDERR_REDIRECT] 
2025-10-04 11:43:16,195 [ERROR] LogOutputStream:75 - [STDERR_REDIRECT] [Fatal Error] :1:1: Premature end of file.
2025-10-04 11:43:16,195 [ERROR] LogOutputStream:75 - [STDERR_REDIRECT] 
2025-10-04 11:43:17,188 [ERROR] LogOutputStream:75 - [STDERR_REDIRECT] [Fatal Error] :1:1: Premature end of file.
2025-10-04 11:43:17,189 [ERROR] LogOutputStream:75 - [STDERR_REDIRECT] 
2025-10-04 11:43:18,186 [ERROR] LogOutputStream:75 - [STDERR_REDIRECT] [Fatal Error] :1:1: Premature end of file.
2025-10-04 11:43:18,186 [ERROR] LogOutputStream:75 - [STDERR_REDIRECT] 
2025-10-04 11:43:19,192 [ERROR] LogOutputStream:75 - [STDERR_REDIRECT] [Fatal Error] :1:1: Premature end of file.
2025-10-04 11:43:19,192 [ERROR] LogOutputStream:75 - [STDERR_REDIRECT] 
2025-10-04 11:43:20,187 [ERROR] LogOutputStream:75 - [STDERR_REDIRECT] [Fatal Error] :1:1: Premature end of file.
2025-10-04 11:43:20,187 [ERROR] LogOutputStream:75 - [STDERR_REDIRECT] 
2025-10-04 11:43:21,197 [ERROR] LogOutputStream:75 - [STDERR_REDIRECT] [Fatal Error] :1:1: Premature end of file.
2025-10-04 11:43:21,197 [ERROR] LogOutputStream:75 - [STDERR_REDIRECT] 
2025-10-04 11:43:22,193 [ERROR] LogOutputStream:75 - [STDERR_REDIRECT] [Fatal Error] :1:1: Premature end of file.
2025-10-04 11:43:22,193 [ERROR] LogOutputStream:75 - [STDERR_REDIRECT] 
2025-10-04 11:43:23,186 [ERROR] LogOutputStream:75 - [STDERR_REDIRECT] [Fatal Error] :1:1: Premature end of file.
2025-10-04 11:43:23,186 [ERROR] LogOutputStream:75 - [STDERR_REDIRECT] 
2025-10-04 11:43:24,198 [ERROR] LogOutputStream:75 - [STDERR_REDIRECT] [Fatal Error] :1:1: Premature end of file.
2025-10-04 11:43:24,198 [ERROR] LogOutputStream:75 - [STDERR_REDIRECT] 
2025-10-04 11:43:25,190 [ERROR] LogOutputStream:75 - [STDERR_REDIRECT] [Fatal Error] :1:1: Premature end of file.
2025-10-04 11:43:25,190 [ERROR] LogOutputStream:75 - [STDERR_REDIRECT] 
2025-10-04 11:43:26,184 [ERROR] LogOutputStream:75 - [STDERR_REDIRECT] [Fatal Error] :1:1: Premature end of file.
2025-10-04 11:43:26,184 [ERROR] LogOutputStream:75 - [STDERR_REDIRECT] 
2025-10-04 11:43:27,200 [ERROR] LogOutputStream:75 - [STDERR_REDIRECT] [Fatal Error] :1:1: Premature end of file.
2025-10-04 11:43:27,200 [ERROR] LogOutputStream:75 - [STDERR_REDIRECT] 
2025-10-04 11:43:28,194 [ERROR] LogOutputStream:75 - [STDERR_REDIRECT] [Fatal Error] :1:1: Premature end of file.
2025-10-04 11:43:28,194 [ERROR] LogOutputStream:75 - [STDERR_REDIRECT] 
2025-10-04 11:43:29,191 [ERROR] LogOutputStream:75 - [STDERR_REDIRECT] [Fatal Error] :1:1: Premature end of file.
2025-10-04 11:43:29,191 [ERROR] LogOutputStream:75 - [STDERR_REDIRECT] 
2025-10-04 11:43:30,186 [ERROR] LogOutputStream:75 - [STDERR_REDIRECT] [Fatal Error] :1:1: Premature end of file.
2025-10-04 11:43:30,186 [ERROR] LogOutputStream:75 - [STDERR_REDIRECT] 
2025-10-04 11:43:31,192 [ERROR] LogOutputStream:75 - [STDERR_REDIRECT] [Fatal Error] :1:1: Premature end of file.
2025-10-04 11:43:31,192 [ERROR] LogOutputStream:75 - [STDERR_REDIRECT] 
2025-10-04 11:43:32,183 [ERROR] LogOutputStream:75 - [STDERR_REDIRECT] [Fatal Error] :1:1: Premature end of file.
2025-10-04 11:43:32,184 [ERROR] LogOutputStream:75 - [STDERR_REDIRECT] 
2025-10-04 11:43:33,195 [ERROR] LogOutputStream:75 - [STDERR_REDIRECT] [Fatal Error] :1:1: Premature end of file.
2025-10-04 11:43:33,195 [ERROR] LogOutputStream:75 - [STDERR_REDIRECT] 
2025-10-04 11:43:34,188 [ERROR] LogOutputStream:75 - [STDERR_REDIRECT] [Fatal Error] :1:1: Premature end of file.
2025-10-04 11:43:34,188 [ERROR] LogOutputStream:75 - [STDERR_REDIRECT] 
2025-10-04 11:43:35,187 [ERROR] LogOutputStream:75 - [STDERR_REDIRECT] [Fatal Error] :1:1: Premature end of file.
2025-10-04 11:43:35,187 [ERROR] LogOutputStream:75 - [STDERR_REDIRECT] 
2025-10-04 11:43:36,197 [ERROR] LogOutputStream:75 - [STDERR_REDIRECT] [Fatal Error] :1:1: Premature end of file.
2025-10-04 11:43:36,197 [ERROR] LogOutputStream:75 - [STDERR_REDIRECT] 
2025-10-04 11:43:37,188 [ERROR] LogOutputStream:75 - [STDERR_REDIRECT] [Fatal Error] :1:1: Premature end of file.
2025-10-04 11:43:37,188 [ERROR] LogOutputStream:75 - [STDERR_REDIRECT] 
2025-10-04 11:43:38,186 [ERROR] LogOutputStream:75 - [STDERR_REDIRECT] [Fatal Error] :1:1: Premature end of file.
2025-10-04 11:43:38,186 [ERROR] LogOutputStream:75 - [STDERR_REDIRECT] 
2025-10-04 11:43:39,197 [ERROR] LogOutputStream:75 - [STDERR_REDIRECT] [Fatal Error] :1:1: Premature end of file.
2025-10-04 11:43:39,197 [ERROR] LogOutputStream:75 - [STDERR_REDIRECT] 
2025-10-04 11:43:40,190 [ERROR] LogOutputStream:75 - [STDERR_REDIRECT] [Fatal Error] :1:1: Premature end of file.
2025-10-04 11:43:40,190 [ERROR] LogOutputStream:75 - [STDERR_REDIRECT] 
2025-10-04 11:43:41,196 [ERROR] LogOutputStream:75 - [STDERR_REDIRECT] [Fatal Error] :1:1: Premature end of file.
2025-10-04 11:43:41,196 [ERROR] LogOutputStream:75 - [STDERR_REDIRECT] 
2025-10-04 11:43:42,187 [ERROR] LogOutputStream:75 - [STDERR_REDIRECT] [Fatal Error] :1:1: Premature end of file.
2025-10-04 11:43:42,187 [ERROR] LogOutputStream:75 - [STDERR_REDIRECT] 
2025-10-04 11:43:43,198 [ERROR] LogOutputStream:75 - [STDERR_REDIRECT] [Fatal Error] :1:1: Premature end of file.
2025-10-04 11:43:43,198 [ERROR] LogOutputStream:75 - [STDERR_REDIRECT] 
2025-10-04 11:43:44,197 [ERROR] LogOutputStream:75 - [STDERR_REDIRECT] [Fatal Error] :1:1: Premature end of file.
2025-10-04 11:43:44,199 [ERROR] LogOutputStream:75 - [STDERR_REDIRECT] 
2025-10-04 11:43:45,190 [ERROR] LogOutputStream:75 - [STDERR_REDIRECT] [Fatal Error] :1:1: Premature end of file.
2025-10-04 11:43:45,191 [ERROR] LogOutputStream:75 - [STDERR_REDIRECT] 
2025-10-04 11:43:46,186 [ERROR] LogOutputStream:75 - [STDERR_REDIRECT] [Fatal Error] :1:1: Premature end of file.
2025-10-04 11:43:46,186 [ERROR] LogOutputStream:75 - [STDERR_REDIRECT] 
2025-10-04 11:43:47,183 [ERROR] LogOutputStream:75 - [STDERR_REDIRECT] [Fatal Error] :1:1: Premature end of file.
2025-10-04 11:43:47,183 [ERROR] LogOutputStream:75 - [STDERR_REDIRECT] 
2025-10-04 11:43:48,196 [ERROR] LogOutputStream:75 - [STDERR_REDIRECT] [Fatal Error] :1:1: Premature end of file.
2025-10-04 11:43:48,196 [ERROR] LogOutputStream:75 - [STDERR_REDIRECT] 
2025-10-04 11:43:49,190 [ERROR] LogOutputStream:75 - [STDERR_REDIRECT] [Fatal Error] :1:1: Premature end of file.
2025-10-04 11:43:49,190 [ERROR] LogOutputStream:75 - [STDERR_REDIRECT] 
2025-10-04 11:43:50,186 [ERROR] LogOutputStream:75 - [STDERR_REDIRECT] [Fatal Error] :1:1: Premature end of file.
2025-10-04 11:43:50,186 [ERROR] LogOutputStream:75 - [STDERR_REDIRECT] 
2025-10-04 11:43:51,192 [ERROR] LogOutputStream:75 - [STDERR_REDIRECT] [Fatal Error] :1:1: Premature end of file.
2025-10-04 11:43:51,192 [ERROR] LogOutputStream:75 - [STDERR_REDIRECT] 
2025-10-04 11:43:52,187 [ERROR] LogOutputStream:75 - [STDERR_REDIRECT] [Fatal Error] :1:1: Premature end of file.
2025-10-04 11:43:52,187 [ERROR] LogOutputStream:75 - [STDERR_REDIRECT] 
2025-10-04 11:43:53,197 [ERROR] LogOutputStream:75 - [STDERR_REDIRECT] [Fatal Error] :1:1: Premature end of file.
2025-10-04 11:43:53,197 [ERROR] LogOutputStream:75 - [STDERR_REDIRECT] 
2025-10-04 11:43:54,190 [ERROR] LogOutputStream:75 - [STDERR_REDIRECT] [Fatal Error] :1:1: Premature end of file.
2025-10-04 11:43:54,190 [ERROR] LogOutputStream:75 - [STDERR_REDIRECT] 
2025-10-04 11:43:55,185 [ERROR] LogOutputStream:75 - [STDERR_REDIRECT] [Fatal Error] :1:1: Premature end of file.
2025-10-04 11:43:55,185 [ERROR] LogOutputStream:75 - [STDERR_REDIRECT] 
2025-10-04 11:43:56,197 [ERROR] LogOutputStream:75 - [STDERR_REDIRECT] [Fatal Error] :1:1: Premature end of file.
2025-10-04 11:43:56,197 [ERROR] LogOutputStream:75 - [STDERR_REDIRECT] 
2025-10-04 11:43:57,193 [ERROR] LogOutputStream:75 - [STDERR_REDIRECT] [Fatal Error] :1:1: Premature end of file.
2025-10-04 11:43:57,193 [ERROR] LogOutputStream:75 - [STDERR_REDIRECT] 
2025-10-04 11:43:58,187 [ERROR] LogOutputStream:75 - [STDERR_REDIRECT] [Fatal Error] :1:1: Premature end of file.
2025-10-04 11:43:58,187 [ERROR] LogOutputStream:75 - [STDERR_REDIRECT] 
2025-10-04 11:43:59,187 [ERROR] LogOutputStream:75 - [STDERR_REDIRECT] [Fatal Error] :1:1: Premature end of file.
2025-10-04 11:43:59,187 [ERROR] LogOutputStream:75 - [STDERR_REDIRECT] 
2025-10-04 11:44:00,196 [ERROR] LogOutputStream:75 - [STDERR_REDIRECT] [Fatal Error] :1:1: Premature end of file.
2025-10-04 11:44:00,197 [ERROR] LogOutputStream:75 - [STDERR_REDIRECT] 
2025-10-04 11:44:01,191 [ERROR] LogOutputStream:75 - [STDERR_REDIRECT] [Fatal Error] :1:1: Premature end of file.
2025-10-04 11:44:01,192 [ERROR] LogOutputStream:75 - [STDERR_REDIRECT] 
2025-10-04 11:44:02,184 [ERROR] LogOutputStream:75 - [STDERR_REDIRECT] [Fatal Error] :1:1: Premature end of file.
2025-10-04 11:44:02,185 [ERROR] LogOutputStream:75 - [STDERR_REDIRECT] 
2025-10-04 11:44:03,195 [ERROR] LogOutputStream:75 - [STDERR_REDIRECT] [Fatal Error] :1:1: Premature end of file.
2025-10-04 11:44:03,195 [ERROR] LogOutputStream:75 - [STDERR_REDIRECT] 
2025-10-04 11:44:04,185 [ERROR] LogOutputStream:75 - [STDERR_REDIRECT] [Fatal Error] :1:1: Premature end of file.
2025-10-04 11:44:04,185 [ERROR] LogOutputStream:75 - [STDERR_REDIRECT] 
2025-10-04 11:44:05,190 [ERROR] LogOutputStream:75 - [STDERR_REDIRECT] [Fatal Error] :1:1: Premature end of file.
2025-10-04 11:44:05,190 [ERROR] LogOutputStream:75 - [STDERR_REDIRECT] 
2025-10-04 11:44:06,190 [ERROR] LogOutputStream:75 - [STDERR_REDIRECT] [Fatal Error] :1:1: Premature end of file.
2025-10-04 11:44:06,190 [ERROR] LogOutputStream:75 - [STDERR_REDIRECT] 
2025-10-04 11:44:07,202 [ERROR] LogOutputStream:75 - [STDERR_REDIRECT] [Fatal Error] :1:1: Premature end of file.
2025-10-04 11:44:07,202 [ERROR] LogOutputStream:75 - [STDERR_REDIRECT] 
2025-10-04 11:44:08,202 [ERROR] LogOutputStream:75 - [STDERR_REDIRECT] [Fatal Error] :1:1: Premature end of file.
2025-10-04 11:44:08,202 [ERROR] LogOutputStream:75 - [STDERR_REDIRECT] 
2025-10-04 11:44:09,193 [ERROR] LogOutputStream:75 - [STDERR_REDIRECT] [Fatal Error] :1:1: Premature end of file.
2025-10-04 11:44:09,194 [ERROR] LogOutputStream:75 - [STDERR_REDIRECT] 
2025-10-04 11:44:10,194 [ERROR] LogOutputStream:75 - [STDERR_REDIRECT] [Fatal Error] :1:1: Premature end of file.
2025-10-04 11:44:10,194 [ERROR] LogOutputStream:75 - [STDERR_REDIRECT] 
2025-10-04 11:44:11,193 [ERROR] LogOutputStream:75 - [STDERR_REDIRECT] [Fatal Error] :1:1: Premature end of file.
2025-10-04 11:44:11,193 [ERROR] LogOutputStream:75 - [STDERR_REDIRECT] 
2025-10-04 11:44:12,198 [ERROR] LogOutputStream:75 - [STDERR_REDIRECT] [Fatal Error] :1:1: Premature end of file.
2025-10-04 11:44:12,198 [ERROR] LogOutputStream:75 - [STDERR_REDIRECT] 
2025-10-04 11:44:13,191 [ERROR] LogOutputStream:75 - [STDERR_REDIRECT] [Fatal Error] :1:1: Premature end of file.
2025-10-04 11:44:13,191 [ERROR] LogOutputStream:75 - [STDERR_REDIRECT] 
2025-10-04 11:44:14,191 [ERROR] LogOutputStream:75 - [STDERR_REDIRECT] [Fatal Error] :1:1: Premature end of file.
2025-10-04 11:44:14,191 [ERROR] LogOutputStream:75 - [STDERR_REDIRECT] 
2025-10-04 11:44:15,183 [ERROR] LogOutputStream:75 - [STDERR_REDIRECT] [Fatal Error] :1:1: Premature end of file.
2025-10-04 11:44:15,183 [ERROR] LogOutputStream:75 - [STDERR_REDIRECT] 
2025-10-04 11:44:16,192 [ERROR] LogOutputStream:75 - [STDERR_REDIRECT] [Fatal Error] :1:1: Premature end of file.
2025-10-04 11:44:16,192 [ERROR] LogOutputStream:75 - [STDERR_REDIRECT] 
2025-10-04 11:44:17,183 [ERROR] LogOutputStream:75 - [STDERR_REDIRECT] [Fatal Error] :1:1: Premature end of file.
2025-10-04 11:44:17,183 [ERROR] LogOutputStream:75 - [STDERR_REDIRECT] 
2025-10-04 11:44:18,191 [ERROR] LogOutputStream:75 - [STDERR_REDIRECT] [Fatal Error] :1:1: Premature end of file.
2025-10-04 11:44:18,191 [ERROR] LogOutputStream:75 - [STDERR_REDIRECT] 
2025-10-04 11:44:19,188 [ERROR] LogOutputStream:75 - [STDERR_REDIRECT] [Fatal Error] :1:1: Premature end of file.
2025-10-04 11:44:19,188 [ERROR] LogOutputStream:75 - [STDERR_REDIRECT] 
2025-10-04 11:44:20,198 [ERROR] LogOutputStream:75 - [STDERR_REDIRECT] [Fatal Error] :1:1: Premature end of file.
2025-10-04 11:44:20,198 [ERROR] LogOutputStream:75 - [STDERR_REDIRECT] 
2025-10-04 11:44:21,184 [ERROR] LogOutputStream:75 - [STDERR_REDIRECT] [Fatal Error] :1:1: Premature end of file.
2025-10-04 11:44:21,186 [ERROR] LogOutputStream:75 - [STDERR_REDIRECT] 
2025-10-04 11:44:22,196 [ERROR] LogOutputStream:75 - [STDERR_REDIRECT] [Fatal Error] :1:1: Premature end of file.
2025-10-04 11:44:22,197 [ERROR] LogOutputStream:75 - [STDERR_REDIRECT] 
2025-10-04 11:44:23,189 [ERROR] LogOutputStream:75 - [STDERR_REDIRECT] [Fatal Error] :1:1: Premature end of file.
2025-10-04 11:44:23,190 [ERROR] LogOutputStream:75 - [STDERR_REDIRECT] 
2025-10-04 11:44:24,187 [ERROR] LogOutputStream:75 - [STDERR_REDIRECT] [Fatal Error] :1:1: Premature end of file.
2025-10-04 11:44:24,187 [ERROR] LogOutputStream:75 - [STDERR_REDIRECT] 
2025-10-04 11:44:25,200 [ERROR] LogOutputStream:75 - [STDERR_REDIRECT] [Fatal Error] :1:1: Premature end of file.
2025-10-04 11:44:25,200 [ERROR] LogOutputStream:75 - [STDERR_REDIRECT] 
2025-10-04 11:44:26,190 [ERROR] LogOutputStream:75 - [STDERR_REDIRECT] [Fatal Error] :1:1: Premature end of file.
2025-10-04 11:44:26,190 [ERROR] LogOutputStream:75 - [STDERR_REDIRECT] 
2025-10-04 11:44:27,187 [ERROR] LogOutputStream:75 - [STDERR_REDIRECT] [Fatal Error] :1:1: Premature end of file.
2025-10-04 11:44:27,188 [ERROR] LogOutputStream:75 - [STDERR_REDIRECT] 
2025-10-04 11:44:28,195 [ERROR] LogOutputStream:75 - [STDERR_REDIRECT] [Fatal Error] :1:1: Premature end of file.
2025-10-04 11:44:28,197 [ERROR] LogOutputStream:75 - [STDERR_REDIRECT] 
2025-10-04 11:44:29,193 [ERROR] LogOutputStream:75 - [STDERR_REDIRECT] [Fatal Error] :1:1: Premature end of file.
2025-10-04 11:44:29,193 [ERROR] LogOutputStream:75 - [STDERR_REDIRECT] 
2025-10-04 11:44:30,194 [ERROR] LogOutputStream:75 - [STDERR_REDIRECT] [Fatal Error] :1:1: Premature end of file.
2025-10-04 11:44:30,195 [ERROR] LogOutputStream:75 - [STDERR_REDIRECT] 
2025-10-04 11:44:31,185 [ERROR] LogOutputStream:75 - [STDERR_REDIRECT] [Fatal Error] :1:1: Premature end of file.
2025-10-04 11:44:31,185 [ERROR] LogOutputStream:75 - [STDERR_REDIRECT] 
2025-10-04 11:44:32,194 [ERROR] LogOutputStream:75 - [STDERR_REDIRECT] [Fatal Error] :1:1: Premature end of file.
2025-10-04 11:44:32,194 [ERROR] LogOutputStream:75 - [STDERR_REDIRECT] 
2025-10-04 11:44:33,191 [ERROR] LogOutputStream:75 - [STDERR_REDIRECT] [Fatal Error] :1:1: Premature end of file.
2025-10-04 11:44:33,191 [ERROR] LogOutputStream:75 - [STDERR_REDIRECT] 
2025-10-04 11:44:34,191 [ERROR] LogOutputStream:75 - [STDERR_REDIRECT] [Fatal Error] :1:1: Premature end of file.
2025-10-04 11:44:34,191 [ERROR] LogOutputStream:75 - [STDERR_REDIRECT] 
2025-10-04 11:44:35,196 [ERROR] LogOutputStream:75 - [STDERR_REDIRECT] [Fatal Error] :1:1: Premature end of file.
2025-10-04 11:44:35,196 [ERROR] LogOutputStream:75 - [STDERR_REDIRECT] 
2025-10-04 11:44:36,190 [ERROR] LogOutputStream:75 - [STDERR_REDIRECT] [Fatal Error] :1:1: Premature end of file.
2025-10-04 11:44:36,190 [ERROR] LogOutputStream:75 - [STDERR_REDIRECT] 
2025-10-04 11:44:37,185 [ERROR] LogOutputStream:75 - [STDERR_REDIRECT] [Fatal Error] :1:1: Premature end of file.
2025-10-04 11:44:37,185 [ERROR] LogOutputStream:75 - [STDERR_REDIRECT] 
2025-10-04 11:44:38,195 [ERROR] LogOutputStream:75 - [STDERR_REDIRECT] [Fatal Error] :1:1: Premature end of file.
2025-10-04 11:44:38,196 [ERROR] LogOutputStream:75 - [STDERR_REDIRECT] 
2025-10-04 11:44:39,192 [ERROR] LogOutputStream:75 - [STDERR_REDIRECT] [Fatal Error] :1:1: Premature end of file.
2025-10-04 11:44:39,192 [ERROR] LogOutputStream:75 - [STDERR_REDIRECT] 
2025-10-04 11:44:40,186 [ERROR] LogOutputStream:75 - [STDERR_REDIRECT] [Fatal Error] :1:1: Premature end of file.
2025-10-04 11:44:40,186 [ERROR] LogOutputStream:75 - [STDERR_REDIRECT] 
2025-10-04 11:44:41,185 [ERROR] LogOutputStream:75 - [STDERR_REDIRECT] [Fatal Error] :1:1: Premature end of file.
2025-10-04 11:44:41,185 [ERROR] LogOutputStream:75 - [STDERR_REDIRECT] 
2025-10-04 11:44:42,194 [ERROR] LogOutputStream:75 - [STDERR_REDIRECT] [Fatal Error] :1:1: Premature end of file.
2025-10-04 11:44:42,194 [ERROR] LogOutputStream:75 - [STDERR_REDIRECT] 
2025-10-04 11:44:43,192 [ERROR] LogOutputStream:75 - [STDERR_REDIRECT] [Fatal Error] :1:1: Premature end of file.
2025-10-04 11:44:43,192 [ERROR] LogOutputStream:75 - [STDERR_REDIRECT] 
2025-10-04 11:44:44,187 [ERROR] LogOutputStream:75 - [STDERR_REDIRECT] [Fatal Error] :1:1: Premature end of file.
2025-10-04 11:44:44,187 [ERROR] LogOutputStream:75 - [STDERR_REDIRECT] 
2025-10-04 11:44:45,198 [ERROR] LogOutputStream:75 - [STDERR_REDIRECT] [Fatal Error] :1:1: Premature end of file.
2025-10-04 11:44:45,198 [ERROR] LogOutputStream:75 - [STDERR_REDIRECT] 
2025-10-04 11:44:46,185 [ERROR] LogOutputStream:75 - [STDERR_REDIRECT] [Fatal Error] :1:1: Premature end of file.
2025-10-04 11:44:46,185 [ERROR] LogOutputStream:75 - [STDERR_REDIRECT] 
2025-10-04 11:44:47,196 [ERROR] LogOutputStream:75 - [STDERR_REDIRECT] [Fatal Error] :1:1: Premature end of file.
2025-10-04 11:44:47,196 [ERROR] LogOutputStream:75 - [STDERR_REDIRECT] 
2025-10-04 11:44:48,193 [ERROR] LogOutputStream:75 - [STDERR_REDIRECT] [Fatal Error] :1:1: Premature end of file.
2025-10-04 11:44:48,193 [ERROR] LogOutputStream:75 - [STDERR_REDIRECT] 
2025-10-04 11:44:49,185 [ERROR] LogOutputStream:75 - [STDERR_REDIRECT] [Fatal Error] :1:1: Premature end of file.
2025-10-04 11:44:49,185 [ERROR] LogOutputStream:75 - [STDERR_REDIRECT] 
2025-10-04 11:44:50,198 [ERROR] LogOutputStream:75 - [STDERR_REDIRECT] [Fatal Error] :1:1: Premature end of file.
2025-10-04 11:44:50,198 [ERROR] LogOutputStream:75 - [STDERR_REDIRECT] 
2025-10-04 11:44:51,191 [ERROR] LogOutputStream:75 - [STDERR_REDIRECT] [Fatal Error] :1:1: Premature end of file.
2025-10-04 11:44:51,192 [ERROR] LogOutputStream:75 - [STDERR_REDIRECT] 
2025-10-04 11:44:52,182 [ERROR] LogOutputStream:75 - [STDERR_REDIRECT] [Fatal Error] :1:1: Premature end of file.
2025-10-04 11:44:52,183 [ERROR] LogOutputStream:75 - [STDERR_REDIRECT] 
2025-10-04 11:44:53,191 [ERROR] LogOutputStream:75 - [STDERR_REDIRECT] [Fatal Error] :1:1: Premature end of file.
2025-10-04 11:44:53,191 [ERROR] LogOutputStream:75 - [STDERR_REDIRECT] 
2025-10-04 11:44:54,186 [ERROR] LogOutputStream:75 - [STDERR_REDIRECT] [Fatal Error] :1:1: Premature end of file.
2025-10-04 11:44:54,186 [ERROR] LogOutputStream:75 - [STDERR_REDIRECT] 
2025-10-04 11:44:55,198 [ERROR] LogOutputStream:75 - [STDERR_REDIRECT] [Fatal Error] :1:1: Premature end of file.
2025-10-04 11:44:55,198 [ERROR] LogOutputStream:75 - [STDERR_REDIRECT] 
2025-10-04 11:44:56,195 [ERROR] LogOutputStream:75 - [STDERR_REDIRECT] [Fatal Error] :1:1: Premature end of file.
2025-10-04 11:44:56,195 [ERROR] LogOutputStream:75 - [STDERR_REDIRECT] 
2025-10-04 11:44:57,188 [ERROR] LogOutputStream:75 - [STDERR_REDIRECT] [Fatal Error] :1:1: Premature end of file.
2025-10-04 11:44:57,188 [ERROR] LogOutputStream:75 - [STDERR_REDIRECT] 
2025-10-04 11:44:58,183 [ERROR] LogOutputStream:75 - [STDERR_REDIRECT] [Fatal Error] :1:1: Premature end of file.
2025-10-04 11:44:58,183 [ERROR] LogOutputStream:75 - [STDERR_REDIRECT] 
2025-10-04 11:44:59,191 [ERROR] LogOutputStream:75 - [STDERR_REDIRECT] [Fatal Error] :1:1: Premature end of file.
2025-10-04 11:44:59,191 [ERROR] LogOutputStream:75 - [STDERR_REDIRECT] 
2025-10-04 11:45:00,184 [ERROR] LogOutputStream:75 - [STDERR_REDIRECT] [Fatal Error] :1:1: Premature end of file.
2025-10-04 11:45:00,184 [ERROR] LogOutputStream:75 - [STDERR_REDIRECT] 
2025-10-04 11:45:01,199 [ERROR] LogOutputStream:75 - [STDERR_REDIRECT] [Fatal Error] :1:1: Premature end of file.
2025-10-04 11:45:01,199 [ERROR] LogOutputStream:75 - [STDERR_REDIRECT] 
2025-10-04 11:45:02,186 [ERROR] LogOutputStream:75 - [STDERR_REDIRECT] [Fatal Error] :1:1: Premature end of file.
2025-10-04 11:45:02,186 [ERROR] LogOutputStream:75 - [STDERR_REDIRECT] 
2025-10-04 11:45:03,183 [ERROR] LogOutputStream:75 - [STDERR_REDIRECT] [Fatal Error] :1:1: Premature end of file.
2025-10-04 11:45:03,183 [ERROR] LogOutputStream:75 - [STDERR_REDIRECT] 
2025-10-04 11:45:04,192 [ERROR] LogOutputStream:75 - [STDERR_REDIRECT] [Fatal Error] :1:1: Premature end of file.
2025-10-04 11:45:04,192 [ERROR] LogOutputStream:75 - [STDERR_REDIRECT] 
2025-10-04 11:45:05,188 [ERROR] LogOutputStream:75 - [STDERR_REDIRECT] [Fatal Error] :1:1: Premature end of file.
2025-10-04 11:45:05,188 [ERROR] LogOutputStream:75 - [STDERR_REDIRECT] 
2025-10-04 11:45:06,186 [ERROR] LogOutputStream:75 - [STDERR_REDIRECT] [Fatal Error] :1:1: Premature end of file.
2025-10-04 11:45:06,186 [ERROR] LogOutputStream:75 - [STDERR_REDIRECT] 
2025-10-04 11:45:07,193 [ERROR] LogOutputStream:75 - [STDERR_REDIRECT] [Fatal Error] :1:1: Premature end of file.
2025-10-04 11:45:07,193 [ERROR] LogOutputStream:75 - [STDERR_REDIRECT] 
2025-10-04 11:45:08,191 [ERROR] LogOutputStream:75 - [STDERR_REDIRECT] [Fatal Error] :1:1: Premature end of file.
2025-10-04 11:45:08,191 [ERROR] LogOutputStream:75 - [STDERR_REDIRECT] 
2025-10-04 11:45:09,197 [ERROR] LogOutputStream:75 - [STDERR_REDIRECT] [Fatal Error] :1:1: Premature end of file.
2025-10-04 11:45:09,197 [ERROR] LogOutputStream:75 - [STDERR_REDIRECT] 
2025-10-04 11:45:10,200 [ERROR] LogOutputStream:75 - [STDERR_REDIRECT] [Fatal Error] :1:1: Premature end of file.
2025-10-04 11:45:10,200 [ERROR] LogOutputStream:75 - [STDERR_REDIRECT] 
2025-10-04 11:45:11,188 [ERROR] LogOutputStream:75 - [STDERR_REDIRECT] [Fatal Error] :1:1: Premature end of file.
2025-10-04 11:45:11,188 [ERROR] LogOutputStream:75 - [STDERR_REDIRECT] 
2025-10-04 11:45:12,186 [ERROR] LogOutputStream:75 - [STDERR_REDIRECT] [Fatal Error] :1:1: Premature end of file.
2025-10-04 11:45:12,186 [ERROR] LogOutputStream:75 - [STDERR_REDIRECT] 
2025-10-04 11:45:13,199 [ERROR] LogOutputStream:75 - [STDERR_REDIRECT] [Fatal Error] :1:1: Premature end of file.
2025-10-04 11:45:13,199 [ERROR] LogOutputStream:75 - [STDERR_REDIRECT] 
2025-10-04 11:45:14,201 [ERROR] LogOutputStream:75 - [STDERR_REDIRECT] [Fatal Error] :1:1: Premature end of file.
2025-10-04 11:45:14,201 [ERROR] LogOutputStream:75 - [STDERR_REDIRECT] 
2025-10-04 11:45:15,197 [ERROR] LogOutputStream:75 - [STDERR_REDIRECT] [Fatal Error] :1:1: Premature end of file.
2025-10-04 11:45:15,197 [ERROR] LogOutputStream:75 - [STDERR_REDIRECT] 
2025-10-04 11:45:16,192 [ERROR] LogOutputStream:75 - [STDERR_REDIRECT] [Fatal Error] :1:1: Premature end of file.
2025-10-04 11:45:16,192 [ERROR] LogOutputStream:75 - [STDERR_REDIRECT] 
2025-10-04 11:45:17,186 [ERROR] LogOutputStream:75 - [STDERR_REDIRECT] [Fatal Error] :1:1: Premature end of file.
2025-10-04 11:45:17,186 [ERROR] LogOutputStream:75 - [STDERR_REDIRECT] 
2025-10-04 11:45:18,196 [ERROR] LogOutputStream:75 - [STDERR_REDIRECT] [Fatal Error] :1:1: Premature end of file.
2025-10-04 11:45:18,196 [ERROR] LogOutputStream:75 - [STDERR_REDIRECT] 
2025-10-04 11:45:19,196 [ERROR] LogOutputStream:75 - [STDERR_REDIRECT] [Fatal Error] :1:1: Premature end of file.
2025-10-04 11:45:19,196 [ERROR] LogOutputStream:75 - [STDERR_REDIRECT] 
2025-10-04 11:45:20,194 [ERROR] LogOutputStream:75 - [STDERR_REDIRECT] [Fatal Error] :1:1: Premature end of file.
2025-10-04 11:45:20,194 [ERROR] LogOutputStream:75 - [STDERR_REDIRECT] 
2025-10-04 11:45:21,190 [ERROR] LogOutputStream:75 - [STDERR_REDIRECT] [Fatal Error] :1:1: Premature end of file.
2025-10-04 11:45:21,191 [ERROR] LogOutputStream:75 - [STDERR_REDIRECT] 
2025-10-04 11:45:22,200 [ERROR] LogOutputStream:75 - [STDERR_REDIRECT] [Fatal Error] :1:1: Premature end of file.
2025-10-04 11:45:22,200 [ERROR] LogOutputStream:75 - [STDERR_REDIRECT] 
2025-10-04 11:45:23,198 [ERROR] LogOutputStream:75 - [STDERR_REDIRECT] [Fatal Error] :1:1: Premature end of file.
2025-10-04 11:45:23,198 [ERROR] LogOutputStream:75 - [STDERR_REDIRECT] 
2025-10-04 11:45:24,197 [ERROR] LogOutputStream:75 - [STDERR_REDIRECT] [Fatal Error] :1:1: Premature end of file.
2025-10-04 11:45:24,197 [ERROR] LogOutputStream:75 - [STDERR_REDIRECT] 
2025-10-04 11:45:25,190 [ERROR] LogOutputStream:75 - [STDERR_REDIRECT] [Fatal Error] :1:1: Premature end of file.
2025-10-04 11:45:25,190 [ERROR] LogOutputStream:75 - [STDERR_REDIRECT] 
2025-10-04 11:45:26,186 [ERROR] LogOutputStream:75 - [STDERR_REDIRECT] [Fatal Error] :1:1: Premature end of file.
2025-10-04 11:45:26,186 [ERROR] LogOutputStream:75 - [STDERR_REDIRECT] 
2025-10-04 11:45:27,194 [ERROR] LogOutputStream:75 - [STDERR_REDIRECT] [Fatal Error] :1:1: Premature end of file.
2025-10-04 11:45:27,194 [ERROR] LogOutputStream:75 - [STDERR_REDIRECT] 
2025-10-04 11:45:28,188 [ERROR] LogOutputStream:75 - [STDERR_REDIRECT] [Fatal Error] :1:1: Premature end of file.
2025-10-04 11:45:28,188 [ERROR] LogOutputStream:75 - [STDERR_REDIRECT] 
2025-10-04 11:45:29,200 [ERROR] LogOutputStream:75 - [STDERR_REDIRECT] [Fatal Error] :1:1: Premature end of file.
2025-10-04 11:45:29,200 [ERROR] LogOutputStream:75 - [STDERR_REDIRECT] 
2025-10-04 11:45:30,196 [ERROR] LogOutputStream:75 - [STDERR_REDIRECT] [Fatal Error] :1:1: Premature end of file.
2025-10-04 11:45:30,196 [ERROR] LogOutputStream:75 - [STDERR_REDIRECT] 
2025-10-04 11:45:31,192 [ERROR] LogOutputStream:75 - [STDERR_REDIRECT] [Fatal Error] :1:1: Premature end of file.
2025-10-04 11:45:31,192 [ERROR] LogOutputStream:75 - [STDERR_REDIRECT] 
2025-10-04 11:45:32,186 [ERROR] LogOutputStream:75 - [STDERR_REDIRECT] [Fatal Error] :1:1: Premature end of file.
2025-10-04 11:45:32,186 [ERROR] LogOutputStream:75 - [STDERR_REDIRECT] 
2025-10-04 11:45:33,199 [ERROR] LogOutputStream:75 - [STDERR_REDIRECT] [Fatal Error] :1:1: Premature end of file.
2025-10-04 11:45:33,200 [ERROR] LogOutputStream:75 - [STDERR_REDIRECT] 
2025-10-04 11:45:34,192 [ERROR] LogOutputStream:75 - [STDERR_REDIRECT] [Fatal Error] :1:1: Premature end of file.
2025-10-04 11:45:34,192 [ERROR] LogOutputStream:75 - [STDERR_REDIRECT] 
2025-10-04 11:45:35,191 [ERROR] LogOutputStream:75 - [STDERR_REDIRECT] [Fatal Error] :1:1: Premature end of file.
2025-10-04 11:45:35,191 [ERROR] LogOutputStream:75 - [STDERR_REDIRECT] 
2025-10-04 11:45:36,211 [ERROR] LogOutputStream:75 - [STDERR_REDIRECT] [Fatal Error] :1:1: Premature end of file.
2025-10-04 11:45:36,211 [ERROR] LogOutputStream:75 - [STDERR_REDIRECT] 
2025-10-04 11:45:37,195 [ERROR] LogOutputStream:75 - [STDERR_REDIRECT] [Fatal Error] :1:1: Premature end of file.
2025-10-04 11:45:37,195 [ERROR] LogOutputStream:75 - [STDERR_REDIRECT] 
2025-10-04 11:45:38,193 [ERROR] LogOutputStream:75 - [STDERR_REDIRECT] [Fatal Error] :1:1: Premature end of file.
2025-10-04 11:45:38,193 [ERROR] LogOutputStream:75 - [STDERR_REDIRECT] 
2025-10-04 11:45:39,185 [ERROR] LogOutputStream:75 - [STDERR_REDIRECT] [Fatal Error] :1:1: Premature end of file.
2025-10-04 11:45:39,185 [ERROR] LogOutputStream:75 - [STDERR_REDIRECT] 
2025-10-04 11:45:40,195 [ERROR] LogOutputStream:75 - [STDERR_REDIRECT] [Fatal Error] :1:1: Premature end of file.
2025-10-04 11:45:40,195 [ERROR] LogOutputStream:75 - [STDERR_REDIRECT] 
2025-10-04 11:45:41,192 [ERROR] LogOutputStream:75 - [STDERR_REDIRECT] [Fatal Error] :1:1: Premature end of file.
2025-10-04 11:45:41,192 [ERROR] LogOutputStream:75 - [STDERR_REDIRECT] 
2025-10-04 11:45:42,198 [ERROR] LogOutputStream:75 - [STDERR_REDIRECT] [Fatal Error] :1:1: Premature end of file.
2025-10-04 11:45:42,199 [ERROR] LogOutputStream:75 - [STDERR_REDIRECT] 
2025-10-04 11:45:43,194 [ERROR] LogOutputStream:75 - [STDERR_REDIRECT] [Fatal Error] :1:1: Premature end of file.
2025-10-04 11:45:43,194 [ERROR] LogOutputStream:75 - [STDERR_REDIRECT] 
2025-10-04 11:45:44,191 [ERROR] LogOutputStream:75 - [STDERR_REDIRECT] [Fatal Error] :1:1: Premature end of file.
2025-10-04 11:45:44,191 [ERROR] LogOutputStream:75 - [STDERR_REDIRECT] 
2025-10-04 11:45:45,197 [ERROR] LogOutputStream:75 - [STDERR_REDIRECT] [Fatal Error] :1:1: Premature end of file.
2025-10-04 11:45:45,197 [ERROR] LogOutputStream:75 - [STDERR_REDIRECT] 
2025-10-04 11:45:46,191 [ERROR] LogOutputStream:75 - [STDERR_REDIRECT] [Fatal Error] :1:1: Premature end of file.
2025-10-04 11:45:46,191 [ERROR] LogOutputStream:75 - [STDERR_REDIRECT] 
2025-10-04 11:45:47,189 [ERROR] LogOutputStream:75 - [STDERR_REDIRECT] [Fatal Error] :1:1: Premature end of file.
2025-10-04 11:45:47,190 [ERROR] LogOutputStream:75 - [STDERR_REDIRECT] 
2025-10-04 11:45:48,187 [ERROR] LogOutputStream:75 - [STDERR_REDIRECT] [Fatal Error] :1:1: Premature end of file.
2025-10-04 11:45:48,187 [ERROR] LogOutputStream:75 - [STDERR_REDIRECT] 
2025-10-04 11:45:49,197 [ERROR] LogOutputStream:75 - [STDERR_REDIRECT] [Fatal Error] :1:1: Premature end of file.
2025-10-04 11:45:49,197 [ERROR] LogOutputStream:75 - [STDERR_REDIRECT] 
2025-10-04 11:45:50,196 [ERROR] LogOutputStream:75 - [STDERR_REDIRECT] [Fatal Error] :1:1: Premature end of file.
2025-10-04 11:45:50,196 [ERROR] LogOutputStream:75 - [STDERR_REDIRECT] 
2025-10-04 11:45:51,189 [ERROR] LogOutputStream:75 - [STDERR_REDIRECT] [Fatal Error] :1:1: Premature end of file.
2025-10-04 11:45:51,189 [ERROR] LogOutputStream:75 - [STDERR_REDIRECT] 
2025-10-04 11:45:52,191 [ERROR] LogOutputStream:75 - [STDERR_REDIRECT] [Fatal Error] :1:1: Premature end of file.
2025-10-04 11:45:52,191 [ERROR] LogOutputStream:75 - [STDERR_REDIRECT] 
2025-10-04 11:45:53,194 [ERROR] LogOutputStream:75 - [STDERR_REDIRECT] [Fatal Error] :1:1: Premature end of file.
2025-10-04 11:45:53,194 [ERROR] LogOutputStream:75 - [STDERR_REDIRECT] 
2025-10-04 11:45:54,190 [ERROR] LogOutputStream:75 - [STDERR_REDIRECT] [Fatal Error] :1:1: Premature end of file.
2025-10-04 11:45:54,190 [ERROR] LogOutputStream:75 - [STDERR_REDIRECT] 
2025-10-04 11:45:55,185 [ERROR] LogOutputStream:75 - [STDERR_REDIRECT] [Fatal Error] :1:1: Premature end of file.
2025-10-04 11:45:55,186 [ERROR] LogOutputStream:75 - [STDERR_REDIRECT] 
2025-10-04 11:45:56,200 [ERROR] LogOutputStream:75 - [STDERR_REDIRECT] [Fatal Error] :1:1: Premature end of file.
2025-10-04 11:45:56,200 [ERROR] LogOutputStream:75 - [STDERR_REDIRECT] 
2025-10-04 11:45:57,200 [ERROR] LogOutputStream:75 - [STDERR_REDIRECT] [Fatal Error] :1:1: Premature end of file.
2025-10-04 11:45:57,200 [ERROR] LogOutputStream:75 - [STDERR_REDIRECT] 
2025-10-04 11:45:58,187 [ERROR] LogOutputStream:75 - [STDERR_REDIRECT] [Fatal Error] :1:1: Premature end of file.
2025-10-04 11:45:58,187 [ERROR] LogOutputStream:75 - [STDERR_REDIRECT] 
2025-10-04 11:45:59,200 [ERROR] LogOutputStream:75 - [STDERR_REDIRECT] [Fatal Error] :1:1: Premature end of file.
2025-10-04 11:45:59,200 [ERROR] LogOutputStream:75 - [STDERR_REDIRECT] 
2025-10-04 11:46:00,197 [ERROR] LogOutputStream:75 - [STDERR_REDIRECT] [Fatal Error] :1:1: Premature end of file.
2025-10-04 11:46:00,197 [ERROR] LogOutputStream:75 - [STDERR_REDIRECT] 
2025-10-04 11:46:01,192 [ERROR] LogOutputStream:75 - [STDERR_REDIRECT] [Fatal Error] :1:1: Premature end of file.
2025-10-04 11:46:01,192 [ERROR] LogOutputStream:75 - [STDERR_REDIRECT] 
2025-10-04 11:46:02,185 [ERROR] LogOutputStream:75 - [STDERR_REDIRECT] [Fatal Error] :1:1: Premature end of file.
2025-10-04 11:46:02,185 [ERROR] LogOutputStream:75 - [STDERR_REDIRECT] 
2025-10-04 11:46:03,198 [ERROR] LogOutputStream:75 - [STDERR_REDIRECT] [Fatal Error] :1:1: Premature end of file.
2025-10-04 11:46:03,198 [ERROR] LogOutputStream:75 - [STDERR_REDIRECT] 
2025-10-04 11:46:04,191 [ERROR] LogOutputStream:75 - [STDERR_REDIRECT] [Fatal Error] :1:1: Premature end of file.
2025-10-04 11:46:04,191 [ERROR] LogOutputStream:75 - [STDERR_REDIRECT] 
2025-10-04 11:46:05,191 [ERROR] LogOutputStream:75 - [STDERR_REDIRECT] [Fatal Error] :1:1: Premature end of file.
2025-10-04 11:46:05,191 [ERROR] LogOutputStream:75 - [STDERR_REDIRECT] 
2025-10-04 11:46:06,183 [ERROR] LogOutputStream:75 - [STDERR_REDIRECT] [Fatal Error] :1:1: Premature end of file.
2025-10-04 11:46:06,183 [ERROR] LogOutputStream:75 - [STDERR_REDIRECT] 
2025-10-04 11:46:07,193 [ERROR] LogOutputStream:75 - [STDERR_REDIRECT] [Fatal Error] :1:1: Premature end of file.
2025-10-04 11:46:07,193 [ERROR] LogOutputStream:75 - [STDERR_REDIRECT] 
2025-10-04 11:46:08,192 [ERROR] LogOutputStream:75 - [STDERR_REDIRECT] [Fatal Error] :1:1: Premature end of file.
2025-10-04 11:46:08,192 [ERROR] LogOutputStream:75 - [STDERR_REDIRECT] 
2025-10-04 11:46:09,197 [ERROR] LogOutputStream:75 - [STDERR_REDIRECT] [Fatal Error] :1:1: Premature end of file.
2025-10-04 11:46:09,197 [ERROR] LogOutputStream:75 - [STDERR_REDIRECT] 
2025-10-04 11:46:10,188 [ERROR] LogOutputStream:75 - [STDERR_REDIRECT] [Fatal Error] :1:1: Premature end of file.
2025-10-04 11:46:10,188 [ERROR] LogOutputStream:75 - [STDERR_REDIRECT] 
2025-10-04 11:46:11,197 [ERROR] LogOutputStream:75 - [STDERR_REDIRECT] [Fatal Error] :1:1: Premature end of file.
2025-10-04 11:46:11,197 [ERROR] LogOutputStream:75 - [STDERR_REDIRECT] 
2025-10-04 11:46:12,189 [ERROR] LogOutputStream:75 - [STDERR_REDIRECT] [Fatal Error] :1:1: Premature end of file.
2025-10-04 11:46:12,189 [ERROR] LogOutputStream:75 - [STDERR_REDIRECT] 
2025-10-04 11:46:13,202 [ERROR] LogOutputStream:75 - [STDERR_REDIRECT] [Fatal Error] :1:1: Premature end of file.
2025-10-04 11:46:13,202 [ERROR] LogOutputStream:75 - [STDERR_REDIRECT] 
2025-10-04 11:46:14,200 [ERROR] LogOutputStream:75 - [STDERR_REDIRECT] [Fatal Error] :1:1: Premature end of file.
2025-10-04 11:46:14,200 [ERROR] LogOutputStream:75 - [STDERR_REDIRECT] 
2025-10-04 11:46:15,193 [ERROR] LogOutputStream:75 - [STDERR_REDIRECT] [Fatal Error] :1:1: Premature end of file.
2025-10-04 11:46:15,194 [ERROR] LogOutputStream:75 - [STDERR_REDIRECT] 
2025-10-04 11:46:16,187 [ERROR] LogOutputStream:75 - [STDERR_REDIRECT] [Fatal Error] :1:1: Premature end of file.
2025-10-04 11:46:16,187 [ERROR] LogOutputStream:75 - [STDERR_REDIRECT] 
2025-10-04 11:46:17,197 [ERROR] LogOutputStream:75 - [STDERR_REDIRECT] [Fatal Error] :1:1: Premature end of file.
2025-10-04 11:46:17,197 [ERROR] LogOutputStream:75 - [STDERR_REDIRECT] 
2025-10-04 11:46:18,193 [ERROR] LogOutputStream:75 - [STDERR_REDIRECT] [Fatal Error] :1:1: Premature end of file.
2025-10-04 11:46:18,194 [ERROR] LogOutputStream:75 - [STDERR_REDIRECT] 
2025-10-04 11:46:19,184 [ERROR] LogOutputStream:75 - [STDERR_REDIRECT] [Fatal Error] :1:1: Premature end of file.
2025-10-04 11:46:19,184 [ERROR] LogOutputStream:75 - [STDERR_REDIRECT] 
2025-10-04 11:46:20,199 [ERROR] LogOutputStream:75 - [STDERR_REDIRECT] [Fatal Error] :1:1: Premature end of file.
2025-10-04 11:46:20,199 [ERROR] LogOutputStream:75 - [STDERR_REDIRECT] 
2025-10-04 11:46:21,187 [ERROR] LogOutputStream:75 - [STDERR_REDIRECT] [Fatal Error] :1:1: Premature end of file.
2025-10-04 11:46:21,187 [ERROR] LogOutputStream:75 - [STDERR_REDIRECT] 
2025-10-04 11:46:22,196 [ERROR] LogOutputStream:75 - [STDERR_REDIRECT] [Fatal Error] :1:1: Premature end of file.
2025-10-04 11:46:22,196 [ERROR] LogOutputStream:75 - [STDERR_REDIRECT] 
2025-10-04 11:46:23,193 [ERROR] LogOutputStream:75 - [STDERR_REDIRECT] [Fatal Error] :1:1: Premature end of file.
2025-10-04 11:46:23,193 [ERROR] LogOutputStream:75 - [STDERR_REDIRECT] 
2025-10-04 11:46:24,192 [ERROR] LogOutputStream:75 - [STDERR_REDIRECT] [Fatal Error] :1:1: Premature end of file.
2025-10-04 11:46:24,193 [ERROR] LogOutputStream:75 - [STDERR_REDIRECT] 
2025-10-04 11:46:25,185 [ERROR] LogOutputStream:75 - [STDERR_REDIRECT] [Fatal Error] :1:1: Premature end of file.
2025-10-04 11:46:25,186 [ERROR] LogOutputStream:75 - [STDERR_REDIRECT] 
2025-10-04 11:46:26,194 [ERROR] LogOutputStream:75 - [STDERR_REDIRECT] [Fatal Error] :1:1: Premature end of file.
2025-10-04 11:46:26,194 [ERROR] LogOutputStream:75 - [STDERR_REDIRECT] 
2025-10-04 11:46:27,189 [ERROR] LogOutputStream:75 - [STDERR_REDIRECT] [Fatal Error] :1:1: Premature end of file.
2025-10-04 11:46:27,189 [ERROR] LogOutputStream:75 - [STDERR_REDIRECT] 
2025-10-04 11:46:28,194 [ERROR] LogOutputStream:75 - [STDERR_REDIRECT] [Fatal Error] :1:1: Premature end of file.
2025-10-04 11:46:28,195 [ERROR] LogOutputStream:75 - [STDERR_REDIRECT] 
2025-10-04 11:46:29,191 [ERROR] LogOutputStream:75 - [STDERR_REDIRECT] [Fatal Error] :1:1: Premature end of file.
2025-10-04 11:46:29,191 [ERROR] LogOutputStream:75 - [STDERR_REDIRECT] 
2025-10-04 11:46:30,190 [ERROR] LogOutputStream:75 - [STDERR_REDIRECT] [Fatal Error] :1:1: Premature end of file.
2025-10-04 11:46:30,190 [ERROR] LogOutputStream:75 - [STDERR_REDIRECT] 
2025-10-04 11:46:31,182 [ERROR] LogOutputStream:75 - [STDERR_REDIRECT] [Fatal Error] :1:1: Premature end of file.
2025-10-04 11:46:31,182 [ERROR] LogOutputStream:75 - [STDERR_REDIRECT] 
2025-10-04 11:46:32,192 [ERROR] LogOutputStream:75 - [STDERR_REDIRECT] [Fatal Error] :1:1: Premature end of file.
2025-10-04 11:46:32,192 [ERROR] LogOutputStream:75 - [STDERR_REDIRECT] 
2025-10-04 11:46:33,191 [ERROR] LogOutputStream:75 - [STDERR_REDIRECT] [Fatal Error] :1:1: Premature end of file.
2025-10-04 11:46:33,191 [ERROR] LogOutputStream:75 - [STDERR_REDIRECT] 
2025-10-04 11:46:34,185 [ERROR] LogOutputStream:75 - [STDERR_REDIRECT] [Fatal Error] :1:1: Premature end of file.
2025-10-04 11:46:34,185 [ERROR] LogOutputStream:75 - [STDERR_REDIRECT] 
2025-10-04 11:46:35,196 [ERROR] LogOutputStream:75 - [STDERR_REDIRECT] [Fatal Error] :1:1: Premature end of file.
2025-10-04 11:46:35,196 [ERROR] LogOutputStream:75 - [STDERR_REDIRECT] 
2025-10-04 11:46:36,197 [ERROR] LogOutputStream:75 - [STDERR_REDIRECT] [Fatal Error] :1:1: Premature end of file.
2025-10-04 11:46:36,198 [ERROR] LogOutputStream:75 - [STDERR_REDIRECT] 
2025-10-04 11:46:37,191 [ERROR] LogOutputStream:75 - [STDERR_REDIRECT] [Fatal Error] :1:1: Premature end of file.
2025-10-04 11:46:37,192 [ERROR] LogOutputStream:75 - [STDERR_REDIRECT] 
2025-10-04 11:46:38,186 [ERROR] LogOutputStream:75 - [STDERR_REDIRECT] [Fatal Error] :1:1: Premature end of file.
2025-10-04 11:46:38,186 [ERROR] LogOutputStream:75 - [STDERR_REDIRECT] 
2025-10-04 11:46:39,196 [ERROR] LogOutputStream:75 - [STDERR_REDIRECT] [Fatal Error] :1:1: Premature end of file.
2025-10-04 11:46:39,196 [ERROR] LogOutputStream:75 - [STDERR_REDIRECT] 
2025-10-04 11:46:40,191 [ERROR] LogOutputStream:75 - [STDERR_REDIRECT] [Fatal Error] :1:1: Premature end of file.
2025-10-04 11:46:40,191 [ERROR] LogOutputStream:75 - [STDERR_REDIRECT] 
2025-10-04 11:46:41,206 [ERROR] LogOutputStream:75 - [STDERR_REDIRECT] [Fatal Error] :1:1: Premature end of file.
2025-10-04 11:46:41,206 [ERROR] LogOutputStream:75 - [STDERR_REDIRECT] 
2025-10-04 11:46:42,202 [ERROR] LogOutputStream:75 - [STDERR_REDIRECT] [Fatal Error] :1:1: Premature end of file.
2025-10-04 11:46:42,202 [ERROR] LogOutputStream:75 - [STDERR_REDIRECT] 
2025-10-04 11:46:43,190 [ERROR] LogOutputStream:75 - [STDERR_REDIRECT] [Fatal Error] :1:1: Premature end of file.
2025-10-04 11:46:43,190 [ERROR] LogOutputStream:75 - [STDERR_REDIRECT] 
2025-10-04 11:46:44,186 [ERROR] LogOutputStream:75 - [STDERR_REDIRECT] [Fatal Error] :1:1: Premature end of file.
2025-10-04 11:46:44,186 [ERROR] LogOutputStream:75 - [STDERR_REDIRECT] 
2025-10-04 11:46:45,196 [ERROR] LogOutputStream:75 - [STDERR_REDIRECT] [Fatal Error] :1:1: Premature end of file.
2025-10-04 11:46:45,196 [ERROR] LogOutputStream:75 - [STDERR_REDIRECT] 
2025-10-04 11:46:46,191 [ERROR] LogOutputStream:75 - [STDERR_REDIRECT] [Fatal Error] :1:1: Premature end of file.
2025-10-04 11:46:46,191 [ERROR] LogOutputStream:75 - [STDERR_REDIRECT] 
2025-10-04 11:46:47,186 [ERROR] LogOutputStream:75 - [STDERR_REDIRECT] [Fatal Error] :1:1: Premature end of file.
2025-10-04 11:46:47,186 [ERROR] LogOutputStream:75 - [STDERR_REDIRECT] 
2025-10-04 11:46:48,196 [ERROR] LogOutputStream:75 - [STDERR_REDIRECT] [Fatal Error] :1:1: Premature end of file.
2025-10-04 11:46:48,196 [ERROR] LogOutputStream:75 - [STDERR_REDIRECT] 
2025-10-04 11:46:49,189 [ERROR] LogOutputStream:75 - [STDERR_REDIRECT] [Fatal Error] :1:1: Premature end of file.
2025-10-04 11:46:49,189 [ERROR] LogOutputStream:75 - [STDERR_REDIRECT] 
2025-10-04 11:46:50,198 [ERROR] LogOutputStream:75 - [STDERR_REDIRECT] [Fatal Error] :1:1: Premature end of file.
2025-10-04 11:46:50,198 [ERROR] LogOutputStream:75 - [STDERR_REDIRECT] 
2025-10-04 11:46:51,193 [ERROR] LogOutputStream:75 - [STDERR_REDIRECT] [Fatal Error] :1:1: Premature end of file.
2025-10-04 11:46:51,193 [ERROR] LogOutputStream:75 - [STDERR_REDIRECT] 
2025-10-04 11:46:52,191 [ERROR] LogOutputStream:75 - [STDERR_REDIRECT] [Fatal Error] :1:1: Premature end of file.
2025-10-04 11:46:52,191 [ERROR] LogOutputStream:75 - [STDERR_REDIRECT] 
2025-10-04 11:46:53,196 [ERROR] LogOutputStream:75 - [STDERR_REDIRECT] [Fatal Error] :1:1: Premature end of file.
2025-10-04 11:46:53,196 [ERROR] LogOutputStream:75 - [STDERR_REDIRECT] 
2025-10-04 11:46:54,193 [ERROR] LogOutputStream:75 - [STDERR_REDIRECT] [Fatal Error] :1:1: Premature end of file.
2025-10-04 11:46:54,193 [ERROR] LogOutputStream:75 - [STDERR_REDIRECT] 
2025-10-04 11:46:55,195 [ERROR] LogOutputStream:75 - [STDERR_REDIRECT] [Fatal Error] :1:1: Premature end of file.
2025-10-04 11:46:55,195 [ERROR] LogOutputStream:75 - [STDERR_REDIRECT] 
2025-10-04 11:46:56,197 [ERROR] LogOutputStream:75 - [STDERR_REDIRECT] [Fatal Error] :1:1: Premature end of file.
2025-10-04 11:46:56,197 [ERROR] LogOutputStream:75 - [STDERR_REDIRECT] 
2025-10-04 11:46:57,200 [ERROR] LogOutputStream:75 - [STDERR_REDIRECT] [Fatal Error] :1:1: Premature end of file.
2025-10-04 11:46:57,200 [ERROR] LogOutputStream:75 - [STDERR_REDIRECT] 
2025-10-04 11:46:58,186 [ERROR] LogOutputStream:75 - [STDERR_REDIRECT] [Fatal Error] :1:1: Premature end of file.
2025-10-04 11:46:58,187 [ERROR] LogOutputStream:75 - [STDERR_REDIRECT] 
2025-10-04 11:46:59,185 [ERROR] LogOutputStream:75 - [STDERR_REDIRECT] [Fatal Error] :1:1: Premature end of file.
2025-10-04 11:46:59,185 [ERROR] LogOutputStream:75 - [STDERR_REDIRECT] 
2025-10-04 11:47:00,186 [ERROR] LogOutputStream:75 - [STDERR_REDIRECT] [Fatal Error] :1:1: Premature end of file.
2025-10-04 11:47:00,186 [ERROR] LogOutputStream:75 - [STDERR_REDIRECT] 
2025-10-04 11:47:01,183 [ERROR] LogOutputStream:75 - [STDERR_REDIRECT] [Fatal Error] :1:1: Premature end of file.
2025-10-04 11:47:01,183 [ERROR] LogOutputStream:75 - [STDERR_REDIRECT] 
2025-10-04 11:47:02,195 [ERROR] LogOutputStream:75 - [STDERR_REDIRECT] [Fatal Error] :1:1: Premature end of file.
2025-10-04 11:47:02,195 [ERROR] LogOutputStream:75 - [STDERR_REDIRECT] 
2025-10-04 11:47:03,194 [ERROR] LogOutputStream:75 - [STDERR_REDIRECT] [Fatal Error] :1:1: Premature end of file.
2025-10-04 11:47:03,194 [ERROR] LogOutputStream:75 - [STDERR_REDIRECT] 
2025-10-04 11:47:04,187 [ERROR] LogOutputStream:75 - [STDERR_REDIRECT] [Fatal Error] :1:1: Premature end of file.
2025-10-04 11:47:04,187 [ERROR] LogOutputStream:75 - [STDERR_REDIRECT] 
2025-10-04 11:47:05,202 [ERROR] LogOutputStream:75 - [STDERR_REDIRECT] [Fatal Error] :1:1: Premature end of file.
2025-10-04 11:47:05,202 [ERROR] LogOutputStream:75 - [STDERR_REDIRECT] 
2025-10-04 11:47:06,207 [ERROR] LogOutputStream:75 - [STDERR_REDIRECT] [Fatal Error] :1:1: Premature end of file.
2025-10-04 11:47:06,207 [ERROR] LogOutputStream:75 - [STDERR_REDIRECT] 
2025-10-04 11:47:07,199 [ERROR] LogOutputStream:75 - [STDERR_REDIRECT] [Fatal Error] :1:1: Premature end of file.
2025-10-04 11:47:07,199 [ERROR] LogOutputStream:75 - [STDERR_REDIRECT] 
2025-10-04 11:47:08,192 [ERROR] LogOutputStream:75 - [STDERR_REDIRECT] [Fatal Error] :1:1: Premature end of file.
2025-10-04 11:47:08,192 [ERROR] LogOutputStream:75 - [STDERR_REDIRECT] 
2025-10-04 11:47:09,205 [ERROR] LogOutputStream:75 - [STDERR_REDIRECT] [Fatal Error] :1:1: Premature end of file.
2025-10-04 11:47:09,206 [ERROR] LogOutputStream:75 - [STDERR_REDIRECT] 
2025-10-04 11:47:10,208 [ERROR] LogOutputStream:75 - [STDERR_REDIRECT] [Fatal Error] :1:1: Premature end of file.
2025-10-04 11:47:10,208 [ERROR] LogOutputStream:75 - [STDERR_REDIRECT] 
2025-10-04 11:47:11,199 [ERROR] LogOutputStream:75 - [STDERR_REDIRECT] [Fatal Error] :1:1: Premature end of file.
2025-10-04 11:47:11,199 [ERROR] LogOutputStream:75 - [STDERR_REDIRECT] 
2025-10-04 11:47:12,202 [ERROR] LogOutputStream:75 - [STDERR_REDIRECT] [Fatal Error] :1:1: Premature end of file.
2025-10-04 11:47:12,202 [ERROR] LogOutputStream:75 - [STDERR_REDIRECT] 
2025-10-04 11:47:13,193 [ERROR] LogOutputStream:75 - [STDERR_REDIRECT] [Fatal Error] :1:1: Premature end of file.
2025-10-04 11:47:13,193 [ERROR] LogOutputStream:75 - [STDERR_REDIRECT] 
2025-10-04 11:47:14,196 [ERROR] LogOutputStream:75 - [STDERR_REDIRECT] [Fatal Error] :1:1: Premature end of file.
2025-10-04 11:47:14,197 [ERROR] LogOutputStream:75 - [STDERR_REDIRECT] 
2025-10-04 11:47:15,196 [ERROR] LogOutputStream:75 - [STDERR_REDIRECT] [Fatal Error] :1:1: Premature end of file.
2025-10-04 11:47:15,196 [ERROR] LogOutputStream:75 - [STDERR_REDIRECT] 
2025-10-04 11:47:16,197 [ERROR] LogOutputStream:75 - [STDERR_REDIRECT] [Fatal Error] :1:1: Premature end of file.
2025-10-04 11:47:16,197 [ERROR] LogOutputStream:75 - [STDERR_REDIRECT] 
2025-10-04 11:47:17,196 [ERROR] LogOutputStream:75 - [STDERR_REDIRECT] [Fatal Error] :1:1: Premature end of file.
2025-10-04 11:47:17,196 [ERROR] LogOutputStream:75 - [STDERR_REDIRECT] 
2025-10-04 11:47:18,192 [ERROR] LogOutputStream:75 - [STDERR_REDIRECT] [Fatal Error] :1:1: Premature end of file.
2025-10-04 11:47:18,192 [ERROR] LogOutputStream:75 - [STDERR_REDIRECT] 
2025-10-04 11:47:19,200 [ERROR] LogOutputStream:75 - [STDERR_REDIRECT] [Fatal Error] :1:1: Premature end of file.
2025-10-04 11:47:19,200 [ERROR] LogOutputStream:75 - [STDERR_REDIRECT] 
2025-10-04 11:47:20,192 [ERROR] LogOutputStream:75 - [STDERR_REDIRECT] [Fatal Error] :1:1: Premature end of file.
2025-10-04 11:47:20,192 [ERROR] LogOutputStream:75 - [STDERR_REDIRECT] 
2025-10-04 11:47:21,184 [ERROR] LogOutputStream:75 - [STDERR_REDIRECT] [Fatal Error] :1:1: Premature end of file.
2025-10-04 11:47:21,184 [ERROR] LogOutputStream:75 - [STDERR_REDIRECT] 
2025-10-04 11:47:22,191 [ERROR] LogOutputStream:75 - [STDERR_REDIRECT] [Fatal Error] :1:1: Premature end of file.
2025-10-04 11:47:22,192 [ERROR] LogOutputStream:75 - [STDERR_REDIRECT] 
2025-10-04 11:47:23,189 [ERROR] LogOutputStream:75 - [STDERR_REDIRECT] [Fatal Error] :1:1: Premature end of file.
2025-10-04 11:47:23,189 [ERROR] LogOutputStream:75 - [STDERR_REDIRECT] 
2025-10-04 11:47:24,190 [ERROR] LogOutputStream:75 - [STDERR_REDIRECT] [Fatal Error] :1:1: Premature end of file.
2025-10-04 11:47:24,190 [ERROR] LogOutputStream:75 - [STDERR_REDIRECT] 
2025-10-04 11:47:25,191 [ERROR] LogOutputStream:75 - [STDERR_REDIRECT] [Fatal Error] :1:1: Premature end of file.
2025-10-04 11:47:25,191 [ERROR] LogOutputStream:75 - [STDERR_REDIRECT] 
2025-10-04 11:47:26,185 [ERROR] LogOutputStream:75 - [STDERR_REDIRECT] [Fatal Error] :1:1: Premature end of file.
2025-10-04 11:47:26,185 [ERROR] LogOutputStream:75 - [STDERR_REDIRECT] 
2025-10-04 11:47:27,195 [ERROR] LogOutputStream:75 - [STDERR_REDIRECT] [Fatal Error] :1:1: Premature end of file.
2025-10-04 11:47:27,195 [ERROR] LogOutputStream:75 - [STDERR_REDIRECT] 
2025-10-04 11:47:28,189 [ERROR] LogOutputStream:75 - [STDERR_REDIRECT] [Fatal Error] :1:1: Premature end of file.
2025-10-04 11:47:28,189 [ERROR] LogOutputStream:75 - [STDERR_REDIRECT] 
2025-10-04 11:47:29,197 [ERROR] LogOutputStream:75 - [STDERR_REDIRECT] [Fatal Error] :1:1: Premature end of file.
2025-10-04 11:47:29,197 [ERROR] LogOutputStream:75 - [STDERR_REDIRECT] 
2025-10-04 11:47:30,194 [ERROR] LogOutputStream:75 - [STDERR_REDIRECT] [Fatal Error] :1:1: Premature end of file.
2025-10-04 11:47:30,195 [ERROR] LogOutputStream:75 - [STDERR_REDIRECT] 
2025-10-04 11:47:31,190 [ERROR] LogOutputStream:75 - [STDERR_REDIRECT] [Fatal Error] :1:1: Premature end of file.
2025-10-04 11:47:31,190 [ERROR] LogOutputStream:75 - [STDERR_REDIRECT] 
2025-10-04 11:47:32,188 [ERROR] LogOutputStream:75 - [STDERR_REDIRECT] [Fatal Error] :1:1: Premature end of file.
2025-10-04 11:47:32,189 [ERROR] LogOutputStream:75 - [STDERR_REDIRECT] 
2025-10-04 11:47:33,195 [ERROR] LogOutputStream:75 - [STDERR_REDIRECT] [Fatal Error] :1:1: Premature end of file.
2025-10-04 11:47:33,195 [ERROR] LogOutputStream:75 - [STDERR_REDIRECT] 
2025-10-04 11:47:34,192 [ERROR] LogOutputStream:75 - [STDERR_REDIRECT] [Fatal Error] :1:1: Premature end of file.
2025-10-04 11:47:34,192 [ERROR] LogOutputStream:75 - [STDERR_REDIRECT] 
2025-10-04 11:47:35,183 [ERROR] LogOutputStream:75 - [STDERR_REDIRECT] [Fatal Error] :1:1: Premature end of file.
2025-10-04 11:47:35,183 [ERROR] LogOutputStream:75 - [STDERR_REDIRECT] 
2025-10-04 11:47:36,192 [ERROR] LogOutputStream:75 - [STDERR_REDIRECT] [Fatal Error] :1:1: Premature end of file.
2025-10-04 11:47:36,192 [ERROR] LogOutputStream:75 - [STDERR_REDIRECT] 
2025-10-04 11:47:37,188 [ERROR] LogOutputStream:75 - [STDERR_REDIRECT] [Fatal Error] :1:1: Premature end of file.
2025-10-04 11:47:37,189 [ERROR] LogOutputStream:75 - [STDERR_REDIRECT] 
2025-10-04 11:47:38,184 [ERROR] LogOutputStream:75 - [STDERR_REDIRECT] [Fatal Error] :1:1: Premature end of file.
2025-10-04 11:47:38,184 [ERROR] LogOutputStream:75 - [STDERR_REDIRECT] 
2025-10-04 11:47:39,197 [ERROR] LogOutputStream:75 - [STDERR_REDIRECT] [Fatal Error] :1:1: Premature end of file.
2025-10-04 11:47:39,197 [ERROR] LogOutputStream:75 - [STDERR_REDIRECT] 
2025-10-04 11:47:40,199 [ERROR] LogOutputStream:75 - [STDERR_REDIRECT] [Fatal Error] :1:1: Premature end of file.
2025-10-04 11:47:40,199 [ERROR] LogOutputStream:75 - [STDERR_REDIRECT] 
2025-10-04 11:47:41,187 [ERROR] LogOutputStream:75 - [STDERR_REDIRECT] [Fatal Error] :1:1: Premature end of file.
2025-10-04 11:47:41,189 [ERROR] LogOutputStream:75 - [STDERR_REDIRECT] 
2025-10-04 11:47:42,185 [ERROR] LogOutputStream:75 - [STDERR_REDIRECT] [Fatal Error] :1:1: Premature end of file.
2025-10-04 11:47:42,185 [ERROR] LogOutputStream:75 - [STDERR_REDIRECT] 
2025-10-04 11:47:43,182 [ERROR] LogOutputStream:75 - [STDERR_REDIRECT] [Fatal Error] :1:1: Premature end of file.
2025-10-04 11:47:43,183 [ERROR] LogOutputStream:75 - [STDERR_REDIRECT] 
2025-10-04 11:47:44,195 [ERROR] LogOutputStream:75 - [STDERR_REDIRECT] [Fatal Error] :1:1: Premature end of file.
2025-10-04 11:47:44,195 [ERROR] LogOutputStream:75 - [STDERR_REDIRECT] 
2025-10-04 11:47:45,187 [ERROR] LogOutputStream:75 - [STDERR_REDIRECT] [Fatal Error] :1:1: Premature end of file.
2025-10-04 11:47:45,187 [ERROR] LogOutputStream:75 - [STDERR_REDIRECT] 
2025-10-04 11:47:46,197 [ERROR] LogOutputStream:75 - [STDERR_REDIRECT] [Fatal Error] :1:1: Premature end of file.
2025-10-04 11:47:46,197 [ERROR] LogOutputStream:75 - [STDERR_REDIRECT] 
2025-10-04 11:47:47,192 [ERROR] LogOutputStream:75 - [STDERR_REDIRECT] [Fatal Error] :1:1: Premature end of file.
2025-10-04 11:47:47,192 [ERROR] LogOutputStream:75 - [STDERR_REDIRECT] 
2025-10-04 11:47:48,189 [ERROR] LogOutputStream:75 - [STDERR_REDIRECT] [Fatal Error] :1:1: Premature end of file.
2025-10-04 11:47:48,189 [ERROR] LogOutputStream:75 - [STDERR_REDIRECT] 
2025-10-04 11:47:49,189 [ERROR] LogOutputStream:75 - [STDERR_REDIRECT] [Fatal Error] :1:1: Premature end of file.
2025-10-04 11:47:49,189 [ERROR] LogOutputStream:75 - [STDERR_REDIRECT] 
2025-10-04 11:47:50,185 [ERROR] LogOutputStream:75 - [STDERR_REDIRECT] [Fatal Error] :1:1: Premature end of file.
2025-10-04 11:47:50,185 [ERROR] LogOutputStream:75 - [STDERR_REDIRECT] 
2025-10-04 11:47:51,201 [ERROR] LogOutputStream:75 - [STDERR_REDIRECT] [Fatal Error] :1:1: Premature end of file.
2025-10-04 11:47:51,201 [ERROR] LogOutputStream:75 - [STDERR_REDIRECT] 
2025-10-04 11:47:52,192 [ERROR] LogOutputStream:75 - [STDERR_REDIRECT] [Fatal Error] :1:1: Premature end of file.
2025-10-04 11:47:52,192 [ERROR] LogOutputStream:75 - [STDERR_REDIRECT] 
2025-10-04 11:47:53,187 [ERROR] LogOutputStream:75 - [STDERR_REDIRECT] [Fatal Error] :1:1: Premature end of file.
2025-10-04 11:47:53,187 [ERROR] LogOutputStream:75 - [STDERR_REDIRECT] 
2025-10-04 11:47:54,193 [ERROR] LogOutputStream:75 - [STDERR_REDIRECT] [Fatal Error] :1:1: Premature end of file.
2025-10-04 11:47:54,193 [ERROR] LogOutputStream:75 - [STDERR_REDIRECT] 
2025-10-04 11:47:55,188 [ERROR] LogOutputStream:75 - [STDERR_REDIRECT] [Fatal Error] :1:1: Premature end of file.
2025-10-04 11:47:55,188 [ERROR] LogOutputStream:75 - [STDERR_REDIRECT] 
2025-10-04 11:47:56,189 [ERROR] LogOutputStream:75 - [STDERR_REDIRECT] [Fatal Error] :1:1: Premature end of file.
2025-10-04 11:47:56,189 [ERROR] LogOutputStream:75 - [STDERR_REDIRECT] 
2025-10-04 11:47:57,196 [ERROR] LogOutputStream:75 - [STDERR_REDIRECT] [Fatal Error] :1:1: Premature end of file.
2025-10-04 11:47:57,196 [ERROR] LogOutputStream:75 - [STDERR_REDIRECT] 
2025-10-04 11:47:58,192 [ERROR] LogOutputStream:75 - [STDERR_REDIRECT] [Fatal Error] :1:1: Premature end of file.
2025-10-04 11:47:58,192 [ERROR] LogOutputStream:75 - [STDERR_REDIRECT] 
2025-10-04 11:47:59,186 [ERROR] LogOutputStream:75 - [STDERR_REDIRECT] [Fatal Error] :1:1: Premature end of file.
2025-10-04 11:47:59,186 [ERROR] LogOutputStream:75 - [STDERR_REDIRECT] 
2025-10-04 11:48:00,196 [ERROR] LogOutputStream:75 - [STDERR_REDIRECT] [Fatal Error] :1:1: Premature end of file.
2025-10-04 11:48:00,196 [ERROR] LogOutputStream:75 - [STDERR_REDIRECT] 
2025-10-04 11:48:01,191 [ERROR] LogOutputStream:75 - [STDERR_REDIRECT] [Fatal Error] :1:1: Premature end of file.
2025-10-04 11:48:01,191 [ERROR] LogOutputStream:75 - [STDERR_REDIRECT] 
2025-10-04 11:48:02,199 [ERROR] LogOutputStream:75 - [STDERR_REDIRECT] [Fatal Error] :1:1: Premature end of file.
2025-10-04 11:48:02,199 [ERROR] LogOutputStream:75 - [STDERR_REDIRECT] 
2025-10-04 11:48:03,187 [ERROR] LogOutputStream:75 - [STDERR_REDIRECT] [Fatal Error] :1:1: Premature end of file.
2025-10-04 11:48:03,187 [ERROR] LogOutputStream:75 - [STDERR_REDIRECT] 
2025-10-04 11:48:04,184 [ERROR] LogOutputStream:75 - [STDERR_REDIRECT] [Fatal Error] :1:1: Premature end of file.
2025-10-04 11:48:04,184 [ERROR] LogOutputStream:75 - [STDERR_REDIRECT] 
2025-10-04 11:48:05,194 [ERROR] LogOutputStream:75 - [STDERR_REDIRECT] [Fatal Error] :1:1: Premature end of file.
2025-10-04 11:48:05,194 [ERROR] LogOutputStream:75 - [STDERR_REDIRECT] 
2025-10-04 11:48:06,194 [ERROR] LogOutputStream:75 - [STDERR_REDIRECT] [Fatal Error] :1:1: Premature end of file.
2025-10-04 11:48:06,194 [ERROR] LogOutputStream:75 - [STDERR_REDIRECT] 
2025-10-04 11:48:07,189 [ERROR] LogOutputStream:75 - [STDERR_REDIRECT] [Fatal Error] :1:1: Premature end of file.
2025-10-04 11:48:07,189 [ERROR] LogOutputStream:75 - [STDERR_REDIRECT] 
2025-10-04 11:48:08,185 [ERROR] LogOutputStream:75 - [STDERR_REDIRECT] [Fatal Error] :1:1: Premature end of file.
2025-10-04 11:48:08,185 [ERROR] LogOutputStream:75 - [STDERR_REDIRECT] 
2025-10-04 11:48:09,195 [ERROR] LogOutputStream:75 - [STDERR_REDIRECT] [Fatal Error] :1:1: Premature end of file.
2025-10-04 11:48:09,195 [ERROR] LogOutputStream:75 - [STDERR_REDIRECT] 
2025-10-04 11:48:10,189 [ERROR] LogOutputStream:75 - [STDERR_REDIRECT] [Fatal Error] :1:1: Premature end of file.
2025-10-04 11:48:10,189 [ERROR] LogOutputStream:75 - [STDERR_REDIRECT] 
2025-10-04 11:48:11,187 [ERROR] LogOutputStream:75 - [STDERR_REDIRECT] [Fatal Error] :1:1: Premature end of file.
2025-10-04 11:48:11,187 [ERROR] LogOutputStream:75 - [STDERR_REDIRECT] 
2025-10-04 11:48:12,195 [ERROR] LogOutputStream:75 - [STDERR_REDIRECT] [Fatal Error] :1:1: Premature end of file.
2025-10-04 11:48:12,196 [ERROR] LogOutputStream:75 - [STDERR_REDIRECT] 
2025-10-04 11:48:13,193 [ERROR] LogOutputStream:75 - [STDERR_REDIRECT] [Fatal Error] :1:1: Premature end of file.
2025-10-04 11:48:13,193 [ERROR] LogOutputStream:75 - [STDERR_REDIRECT] 
2025-10-04 11:48:14,184 [ERROR] LogOutputStream:75 - [STDERR_REDIRECT] [Fatal Error] :1:1: Premature end of file.
2025-10-04 11:48:14,184 [ERROR] LogOutputStream:75 - [STDERR_REDIRECT] 
2025-10-04 11:48:15,194 [ERROR] LogOutputStream:75 - [STDERR_REDIRECT] [Fatal Error] :1:1: Premature end of file.
2025-10-04 11:48:15,194 [ERROR] LogOutputStream:75 - [STDERR_REDIRECT] 
2025-10-04 11:48:16,190 [ERROR] LogOutputStream:75 - [STDERR_REDIRECT] [Fatal Error] :1:1: Premature end of file.
2025-10-04 11:48:16,190 [ERROR] LogOutputStream:75 - [STDERR_REDIRECT] 
2025-10-04 11:48:17,189 [ERROR] LogOutputStream:75 - [STDERR_REDIRECT] [Fatal Error] :1:1: Premature end of file.
2025-10-04 11:48:17,189 [ERROR] LogOutputStream:75 - [STDERR_REDIRECT] 
2025-10-04 11:48:18,186 [ERROR] LogOutputStream:75 - [STDERR_REDIRECT] [Fatal Error] :1:1: Premature end of file.
2025-10-04 11:48:18,186 [ERROR] LogOutputStream:75 - [STDERR_REDIRECT] 
2025-10-04 11:48:19,200 [ERROR] LogOutputStream:75 - [STDERR_REDIRECT] [Fatal Error] :1:1: Premature end of file.
2025-10-04 11:48:19,200 [ERROR] LogOutputStream:75 - [STDERR_REDIRECT] 
2025-10-04 11:48:20,194 [ERROR] LogOutputStream:75 - [STDERR_REDIRECT] [Fatal Error] :1:1: Premature end of file.
2025-10-04 11:48:20,195 [ERROR] LogOutputStream:75 - [STDERR_REDIRECT] 
2025-10-04 11:48:21,187 [ERROR] LogOutputStream:75 - [STDERR_REDIRECT] [Fatal Error] :1:1: Premature end of file.
2025-10-04 11:48:21,187 [ERROR] LogOutputStream:75 - [STDERR_REDIRECT] 
2025-10-04 11:48:22,196 [ERROR] LogOutputStream:75 - [STDERR_REDIRECT] [Fatal Error] :1:1: Premature end of file.
2025-10-04 11:48:22,196 [ERROR] LogOutputStream:75 - [STDERR_REDIRECT] 
2025-10-04 11:48:23,192 [ERROR] LogOutputStream:75 - [STDERR_REDIRECT] [Fatal Error] :1:1: Premature end of file.
2025-10-04 11:48:23,192 [ERROR] LogOutputStream:75 - [STDERR_REDIRECT] 
2025-10-04 11:48:24,183 [ERROR] LogOutputStream:75 - [STDERR_REDIRECT] [Fatal Error] :1:1: Premature end of file.
2025-10-04 11:48:24,184 [ERROR] LogOutputStream:75 - [STDERR_REDIRECT] 
2025-10-04 11:48:25,199 [ERROR] LogOutputStream:75 - [STDERR_REDIRECT] [Fatal Error] :1:1: Premature end of file.
2025-10-04 11:48:25,199 [ERROR] LogOutputStream:75 - [STDERR_REDIRECT] 
2025-10-04 11:48:26,186 [ERROR] LogOutputStream:75 - [STDERR_REDIRECT] [Fatal Error] :1:1: Premature end of file.
2025-10-04 11:48:26,186 [ERROR] LogOutputStream:75 - [STDERR_REDIRECT] 
2025-10-04 11:48:27,197 [ERROR] LogOutputStream:75 - [STDERR_REDIRECT] [Fatal Error] :1:1: Premature end of file.
2025-10-04 11:48:27,197 [ERROR] LogOutputStream:75 - [STDERR_REDIRECT] 
2025-10-04 11:48:28,191 [ERROR] LogOutputStream:75 - [STDERR_REDIRECT] [Fatal Error] :1:1: Premature end of file.
2025-10-04 11:48:28,191 [ERROR] LogOutputStream:75 - [STDERR_REDIRECT] 
2025-10-04 11:48:29,188 [ERROR] LogOutputStream:75 - [STDERR_REDIRECT] [Fatal Error] :1:1: Premature end of file.
2025-10-04 11:48:29,189 [ERROR] LogOutputStream:75 - [STDERR_REDIRECT] 
2025-10-04 11:48:30,198 [ERROR] LogOutputStream:75 - [STDERR_REDIRECT] [Fatal Error] :1:1: Premature end of file.
2025-10-04 11:48:30,198 [ERROR] LogOutputStream:75 - [STDERR_REDIRECT] 
2025-10-04 11:48:31,192 [ERROR] LogOutputStream:75 - [STDERR_REDIRECT] [Fatal Error] :1:1: Premature end of file.
2025-10-04 11:48:31,192 [ERROR] LogOutputStream:75 - [STDERR_REDIRECT] 
2025-10-04 11:48:32,189 [ERROR] LogOutputStream:75 - [STDERR_REDIRECT] [Fatal Error] :1:1: Premature end of file.
2025-10-04 11:48:32,189 [ERROR] LogOutputStream:75 - [STDERR_REDIRECT] 
2025-10-04 11:48:33,184 [ERROR] LogOutputStream:75 - [STDERR_REDIRECT] [Fatal Error] :1:1: Premature end of file.
2025-10-04 11:48:33,184 [ERROR] LogOutputStream:75 - [STDERR_REDIRECT] 
2025-10-04 11:48:34,194 [ERROR] LogOutputStream:75 - [STDERR_REDIRECT] [Fatal Error] :1:1: Premature end of file.
2025-10-04 11:48:34,194 [ERROR] LogOutputStream:75 - [STDERR_REDIRECT] 
2025-10-04 11:48:35,191 [ERROR] LogOutputStream:75 - [STDERR_REDIRECT] [Fatal Error] :1:1: Premature end of file.
2025-10-04 11:48:35,191 [ERROR] LogOutputStream:75 - [STDERR_REDIRECT] 
2025-10-04 11:48:36,188 [ERROR] LogOutputStream:75 - [STDERR_REDIRECT] [Fatal Error] :1:1: Premature end of file.
2025-10-04 11:48:36,188 [ERROR] LogOutputStream:75 - [STDERR_REDIRECT] 
2025-10-04 11:48:37,199 [ERROR] LogOutputStream:75 - [STDERR_REDIRECT] [Fatal Error] :1:1: Premature end of file.
2025-10-04 11:48:37,199 [ERROR] LogOutputStream:75 - [STDERR_REDIRECT] 
2025-10-04 11:48:38,195 [ERROR] LogOutputStream:75 - [STDERR_REDIRECT] [Fatal Error] :1:1: Premature end of file.
2025-10-04 11:48:38,195 [ERROR] LogOutputStream:75 - [STDERR_REDIRECT] 
2025-10-04 11:48:39,193 [ERROR] LogOutputStream:75 - [STDERR_REDIRECT] [Fatal Error] :1:1: Premature end of file.
2025-10-04 11:48:39,193 [ERROR] LogOutputStream:75 - [STDERR_REDIRECT] 
2025-10-04 11:48:40,186 [ERROR] LogOutputStream:75 - [STDERR_REDIRECT] [Fatal Error] :1:1: Premature end of file.
2025-10-04 11:48:40,186 [ERROR] LogOutputStream:75 - [STDERR_REDIRECT] 
2025-10-04 11:48:41,198 [ERROR] LogOutputStream:75 - [STDERR_REDIRECT] [Fatal Error] :1:1: Premature end of file.
2025-10-04 11:48:41,198 [ERROR] LogOutputStream:75 - [STDERR_REDIRECT] 
2025-10-04 11:48:42,192 [ERROR] LogOutputStream:75 - [STDERR_REDIRECT] [Fatal Error] :1:1: Premature end of file.
2025-10-04 11:48:42,192 [ERROR] LogOutputStream:75 - [STDERR_REDIRECT] 
2025-10-04 11:48:43,188 [ERROR] LogOutputStream:75 - [STDERR_REDIRECT] [Fatal Error] :1:1: Premature end of file.
2025-10-04 11:48:43,188 [ERROR] LogOutputStream:75 - [STDERR_REDIRECT] 
2025-10-04 11:48:44,198 [ERROR] LogOutputStream:75 - [STDERR_REDIRECT] [Fatal Error] :1:1: Premature end of file.
2025-10-04 11:48:44,198 [ERROR] LogOutputStream:75 - [STDERR_REDIRECT] 
2025-10-04 11:48:45,184 [ERROR] LogOutputStream:75 - [STDERR_REDIRECT] [Fatal Error] :1:1: Premature end of file.
2025-10-04 11:48:45,184 [ERROR] LogOutputStream:75 - [STDERR_REDIRECT] 
2025-10-04 11:48:46,195 [ERROR] LogOutputStream:75 - [STDERR_REDIRECT] [Fatal Error] :1:1: Premature end of file.
2025-10-04 11:48:46,195 [ERROR] LogOutputStream:75 - [STDERR_REDIRECT] 
2025-10-04 11:48:47,190 [ERROR] LogOutputStream:75 - [STDERR_REDIRECT] [Fatal Error] :1:1: Premature end of file.
2025-10-04 11:48:47,190 [ERROR] LogOutputStream:75 - [STDERR_REDIRECT] 
2025-10-04 11:48:48,183 [ERROR] LogOutputStream:75 - [STDERR_REDIRECT] [Fatal Error] :1:1: Premature end of file.
2025-10-04 11:48:48,183 [ERROR] LogOutputStream:75 - [STDERR_REDIRECT] 
2025-10-04 11:48:49,200 [ERROR] LogOutputStream:75 - [STDERR_REDIRECT] [Fatal Error] :1:1: Premature end of file.
2025-10-04 11:48:49,200 [ERROR] LogOutputStream:75 - [STDERR_REDIRECT] 
2025-10-04 11:48:50,191 [ERROR] LogOutputStream:75 - [STDERR_REDIRECT] [Fatal Error] :1:1: Premature end of file.
2025-10-04 11:48:50,191 [ERROR] LogOutputStream:75 - [STDERR_REDIRECT] 
2025-10-04 11:48:51,187 [ERROR] LogOutputStream:75 - [STDERR_REDIRECT] [Fatal Error] :1:1: Premature end of file.
2025-10-04 11:48:51,188 [ERROR] LogOutputStream:75 - [STDERR_REDIRECT] 
2025-10-04 11:48:52,183 [ERROR] LogOutputStream:75 - [STDERR_REDIRECT] [Fatal Error] :1:1: Premature end of file.
2025-10-04 11:48:52,183 [ERROR] LogOutputStream:75 - [STDERR_REDIRECT] 
2025-10-04 11:48:53,195 [ERROR] LogOutputStream:75 - [STDERR_REDIRECT] [Fatal Error] :1:1: Premature end of file.
2025-10-04 11:48:53,195 [ERROR] LogOutputStream:75 - [STDERR_REDIRECT] 
2025-10-04 11:48:54,189 [ERROR] LogOutputStream:75 - [STDERR_REDIRECT] [Fatal Error] :1:1: Premature end of file.
2025-10-04 11:48:54,189 [ERROR] LogOutputStream:75 - [STDERR_REDIRECT] 
2025-10-04 11:48:55,185 [ERROR] LogOutputStream:75 - [STDERR_REDIRECT] [Fatal Error] :1:1: Premature end of file.
2025-10-04 11:48:55,185 [ERROR] LogOutputStream:75 - [STDERR_REDIRECT] 
2025-10-04 11:48:56,191 [ERROR] LogOutputStream:75 - [STDERR_REDIRECT] [Fatal Error] :1:1: Premature end of file.
2025-10-04 11:48:56,191 [ERROR] LogOutputStream:75 - [STDERR_REDIRECT] 
2025-10-04 11:48:57,185 [ERROR] LogOutputStream:75 - [STDERR_REDIRECT] [Fatal Error] :1:1: Premature end of file.
2025-10-04 11:48:57,185 [ERROR] LogOutputStream:75 - [STDERR_REDIRECT] 
2025-10-04 11:48:58,194 [ERROR] LogOutputStream:75 - [STDERR_REDIRECT] [Fatal Error] :1:1: Premature end of file.
2025-10-04 11:48:58,194 [ERROR] LogOutputStream:75 - [STDERR_REDIRECT] 
2025-10-04 11:48:59,187 [ERROR] LogOutputStream:75 - [STDERR_REDIRECT] [Fatal Error] :1:1: Premature end of file.
2025-10-04 11:48:59,188 [ERROR] LogOutputStream:75 - [STDERR_REDIRECT] 
2025-10-04 11:49:00,200 [ERROR] LogOutputStream:75 - [STDERR_REDIRECT] [Fatal Error] :1:1: Premature end of file.
2025-10-04 11:49:00,200 [ERROR] LogOutputStream:75 - [STDERR_REDIRECT] 
2025-10-04 11:49:01,191 [ERROR] LogOutputStream:75 - [STDERR_REDIRECT] [Fatal Error] :1:1: Premature end of file.
2025-10-04 11:49:01,191 [ERROR] LogOutputStream:75 - [STDERR_REDIRECT] 
2025-10-04 11:49:02,189 [ERROR] LogOutputStream:75 - [STDERR_REDIRECT] [Fatal Error] :1:1: Premature end of file.
2025-10-04 11:49:02,189 [ERROR] LogOutputStream:75 - [STDERR_REDIRECT] 
2025-10-04 11:49:03,185 [ERROR] LogOutputStream:75 - [STDERR_REDIRECT] [Fatal Error] :1:1: Premature end of file.
2025-10-04 11:49:03,185 [ERROR] LogOutputStream:75 - [STDERR_REDIRECT] 
2025-10-04 11:49:04,183 [ERROR] LogOutputStream:75 - [STDERR_REDIRECT] [Fatal Error] :1:1: Premature end of file.
2025-10-04 11:49:04,183 [ERROR] LogOutputStream:75 - [STDERR_REDIRECT] 
2025-10-04 11:49:05,196 [ERROR] LogOutputStream:75 - [STDERR_REDIRECT] [Fatal Error] :1:1: Premature end of file.
2025-10-04 11:49:05,196 [ERROR] LogOutputStream:75 - [STDERR_REDIRECT] 
2025-10-04 11:49:06,188 [ERROR] LogOutputStream:75 - [STDERR_REDIRECT] [Fatal Error] :1:1: Premature end of file.
2025-10-04 11:49:06,188 [ERROR] LogOutputStream:75 - [STDERR_REDIRECT] 
2025-10-04 11:49:07,196 [ERROR] LogOutputStream:75 - [STDERR_REDIRECT] [Fatal Error] :1:1: Premature end of file.
2025-10-04 11:49:07,196 [ERROR] LogOutputStream:75 - [STDERR_REDIRECT] 
2025-10-04 11:49:08,190 [ERROR] LogOutputStream:75 - [STDERR_REDIRECT] [Fatal Error] :1:1: Premature end of file.
2025-10-04 11:49:08,190 [ERROR] LogOutputStream:75 - [STDERR_REDIRECT] 
2025-10-04 11:49:09,184 [ERROR] LogOutputStream:75 - [STDERR_REDIRECT] [Fatal Error] :1:1: Premature end of file.
2025-10-04 11:49:09,184 [ERROR] LogOutputStream:75 - [STDERR_REDIRECT] 
2025-10-04 11:49:10,195 [ERROR] LogOutputStream:75 - [STDERR_REDIRECT] [Fatal Error] :1:1: Premature end of file.
2025-10-04 11:49:10,195 [ERROR] LogOutputStream:75 - [STDERR_REDIRECT] 
2025-10-04 11:49:11,197 [ERROR] LogOutputStream:75 - [STDERR_REDIRECT] [Fatal Error] :1:1: Premature end of file.
2025-10-04 11:49:11,197 [ERROR] LogOutputStream:75 - [STDERR_REDIRECT] 
2025-10-04 11:49:12,192 [ERROR] LogOutputStream:75 - [STDERR_REDIRECT] [Fatal Error] :1:1: Premature end of file.
2025-10-04 11:49:12,192 [ERROR] LogOutputStream:75 - [STDERR_REDIRECT] 
2025-10-04 11:49:13,185 [ERROR] LogOutputStream:75 - [STDERR_REDIRECT] [Fatal Error] :1:1: Premature end of file.
2025-10-04 11:49:13,185 [ERROR] LogOutputStream:75 - [STDERR_REDIRECT] 
2025-10-04 11:49:14,184 [ERROR] LogOutputStream:75 - [STDERR_REDIRECT] [Fatal Error] :1:1: Premature end of file.
2025-10-04 11:49:14,184 [ERROR] LogOutputStream:75 - [STDERR_REDIRECT] 
2025-10-04 11:49:15,194 [ERROR] LogOutputStream:75 - [STDERR_REDIRECT] [Fatal Error] :1:1: Premature end of file.
2025-10-04 11:49:15,195 [ERROR] LogOutputStream:75 - [STDERR_REDIRECT] 
2025-10-04 11:49:16,192 [ERROR] LogOutputStream:75 - [STDERR_REDIRECT] [Fatal Error] :1:1: Premature end of file.
2025-10-04 11:49:16,192 [ERROR] LogOutputStream:75 - [STDERR_REDIRECT] 
2025-10-04 11:49:17,200 [ERROR] LogOutputStream:75 - [STDERR_REDIRECT] [Fatal Error] :1:1: Premature end of file.
2025-10-04 11:49:17,201 [ERROR] LogOutputStream:75 - [STDERR_REDIRECT] 
2025-10-04 11:49:18,199 [ERROR] LogOutputStream:75 - [STDERR_REDIRECT] [Fatal Error] :1:1: Premature end of file.
2025-10-04 11:49:18,199 [ERROR] LogOutputStream:75 - [STDERR_REDIRECT] 
2025-10-04 11:49:19,185 [ERROR] LogOutputStream:75 - [STDERR_REDIRECT] [Fatal Error] :1:1: Premature end of file.
2025-10-04 11:49:19,185 [ERROR] LogOutputStream:75 - [STDERR_REDIRECT] 
2025-10-04 11:49:20,195 [ERROR] LogOutputStream:75 - [STDERR_REDIRECT] [Fatal Error] :1:1: Premature end of file.
2025-10-04 11:49:20,195 [ERROR] LogOutputStream:75 - [STDERR_REDIRECT] 
2025-10-04 11:49:21,186 [ERROR] LogOutputStream:75 - [STDERR_REDIRECT] [Fatal Error] :1:1: Premature end of file.
2025-10-04 11:49:21,186 [ERROR] LogOutputStream:75 - [STDERR_REDIRECT] 
2025-10-04 11:49:22,197 [ERROR] LogOutputStream:75 - [STDERR_REDIRECT] [Fatal Error] :1:1: Premature end of file.
2025-10-04 11:49:22,197 [ERROR] LogOutputStream:75 - [STDERR_REDIRECT] 
2025-10-04 11:49:23,190 [ERROR] LogOutputStream:75 - [STDERR_REDIRECT] [Fatal Error] :1:1: Premature end of file.
2025-10-04 11:49:23,190 [ERROR] LogOutputStream:75 - [STDERR_REDIRECT] 
2025-10-04 11:49:24,183 [ERROR] LogOutputStream:75 - [STDERR_REDIRECT] [Fatal Error] :1:1: Premature end of file.
2025-10-04 11:49:24,183 [ERROR] LogOutputStream:75 - [STDERR_REDIRECT] 
2025-10-04 11:49:25,193 [ERROR] LogOutputStream:75 - [STDERR_REDIRECT] [Fatal Error] :1:1: Premature end of file.
2025-10-04 11:49:25,194 [ERROR] LogOutputStream:75 - [STDERR_REDIRECT] 
2025-10-04 11:49:26,185 [ERROR] LogOutputStream:75 - [STDERR_REDIRECT] [Fatal Error] :1:1: Premature end of file.
2025-10-04 11:49:26,185 [ERROR] LogOutputStream:75 - [STDERR_REDIRECT] 
2025-10-04 11:49:27,196 [ERROR] LogOutputStream:75 - [STDERR_REDIRECT] [Fatal Error] :1:1: Premature end of file.
2025-10-04 11:49:27,196 [ERROR] LogOutputStream:75 - [STDERR_REDIRECT] 
2025-10-04 11:49:28,187 [ERROR] LogOutputStream:75 - [STDERR_REDIRECT] [Fatal Error] :1:1: Premature end of file.
2025-10-04 11:49:28,187 [ERROR] LogOutputStream:75 - [STDERR_REDIRECT] 
2025-10-04 11:49:29,184 [ERROR] LogOutputStream:75 - [STDERR_REDIRECT] [Fatal Error] :1:1: Premature end of file.
2025-10-04 11:49:29,184 [ERROR] LogOutputStream:75 - [STDERR_REDIRECT] 
2025-10-04 11:49:30,194 [ERROR] LogOutputStream:75 - [STDERR_REDIRECT] [Fatal Error] :1:1: Premature end of file.
2025-10-04 11:49:30,194 [ERROR] LogOutputStream:75 - [STDERR_REDIRECT] 
2025-10-04 11:49:31,188 [ERROR] LogOutputStream:75 - [STDERR_REDIRECT] [Fatal Error] :1:1: Premature end of file.
2025-10-04 11:49:31,188 [ERROR] LogOutputStream:75 - [STDERR_REDIRECT] 
2025-10-04 11:49:32,185 [ERROR] LogOutputStream:75 - [STDERR_REDIRECT] [Fatal Error] :1:1: Premature end of file.
2025-10-04 11:49:32,185 [ERROR] LogOutputStream:75 - [STDERR_REDIRECT] 
2025-10-04 11:49:33,196 [ERROR] LogOutputStream:75 - [STDERR_REDIRECT] [Fatal Error] :1:1: Premature end of file.
2025-10-04 11:49:33,196 [ERROR] LogOutputStream:75 - [STDERR_REDIRECT] 
2025-10-04 11:49:34,194 [ERROR] LogOutputStream:75 - [STDERR_REDIRECT] [Fatal Error] :1:1: Premature end of file.
2025-10-04 11:49:34,194 [ERROR] LogOutputStream:75 - [STDERR_REDIRECT] 
2025-10-04 11:49:35,195 [ERROR] LogOutputStream:75 - [STDERR_REDIRECT] [Fatal Error] :1:1: Premature end of file.
2025-10-04 11:49:35,196 [ERROR] LogOutputStream:75 - [STDERR_REDIRECT] 
2025-10-04 11:49:36,188 [ERROR] LogOutputStream:75 - [STDERR_REDIRECT] [Fatal Error] :1:1: Premature end of file.
2025-10-04 11:49:36,188 [ERROR] LogOutputStream:75 - [STDERR_REDIRECT] 
2025-10-04 11:49:37,185 [ERROR] LogOutputStream:75 - [STDERR_REDIRECT] [Fatal Error] :1:1: Premature end of file.
2025-10-04 11:49:37,185 [ERROR] LogOutputStream:75 - [STDERR_REDIRECT] 
2025-10-04 11:49:38,197 [ERROR] LogOutputStream:75 - [STDERR_REDIRECT] [Fatal Error] :1:1: Premature end of file.
2025-10-04 11:49:38,197 [ERROR] LogOutputStream:75 - [STDERR_REDIRECT] 
2025-10-04 11:49:39,193 [ERROR] LogOutputStream:75 - [STDERR_REDIRECT] [Fatal Error] :1:1: Premature end of file.
2025-10-04 11:49:39,193 [ERROR] LogOutputStream:75 - [STDERR_REDIRECT] 
2025-10-04 11:49:40,193 [ERROR] LogOutputStream:75 - [STDERR_REDIRECT] [Fatal Error] :1:1: Premature end of file.
2025-10-04 11:49:40,193 [ERROR] LogOutputStream:75 - [STDERR_REDIRECT] 
2025-10-04 11:49:41,185 [ERROR] LogOutputStream:75 - [STDERR_REDIRECT] [Fatal Error] :1:1: Premature end of file.
2025-10-04 11:49:41,185 [ERROR] LogOutputStream:75 - [STDERR_REDIRECT] 
2025-10-04 11:49:42,197 [ERROR] LogOutputStream:75 - [STDERR_REDIRECT] [Fatal Error] :1:1: Premature end of file.
2025-10-04 11:49:42,197 [ERROR] LogOutputStream:75 - [STDERR_REDIRECT] 
2025-10-04 11:49:43,192 [ERROR] LogOutputStream:75 - [STDERR_REDIRECT] [Fatal Error] :1:1: Premature end of file.
2025-10-04 11:49:43,192 [ERROR] LogOutputStream:75 - [STDERR_REDIRECT] 
2025-10-04 11:49:44,200 [ERROR] LogOutputStream:75 - [STDERR_REDIRECT] [Fatal Error] :1:1: Premature end of file.
2025-10-04 11:49:44,200 [ERROR] LogOutputStream:75 - [STDERR_REDIRECT] 
2025-10-04 11:49:45,193 [ERROR] LogOutputStream:75 - [STDERR_REDIRECT] [Fatal Error] :1:1: Premature end of file.
2025-10-04 11:49:45,193 [ERROR] LogOutputStream:75 - [STDERR_REDIRECT] 
2025-10-04 11:49:46,196 [ERROR] LogOutputStream:75 - [STDERR_REDIRECT] [Fatal Error] :1:1: Premature end of file.
2025-10-04 11:49:46,196 [ERROR] LogOutputStream:75 - [STDERR_REDIRECT] 
2025-10-04 11:49:47,187 [ERROR] LogOutputStream:75 - [STDERR_REDIRECT] [Fatal Error] :1:1: Premature end of file.
2025-10-04 11:49:47,187 [ERROR] LogOutputStream:75 - [STDERR_REDIRECT] 
2025-10-04 11:49:48,197 [ERROR] LogOutputStream:75 - [STDERR_REDIRECT] [Fatal Error] :1:1: Premature end of file.
2025-10-04 11:49:48,197 [ERROR] LogOutputStream:75 - [STDERR_REDIRECT] 
2025-10-04 11:49:49,194 [ERROR] LogOutputStream:75 - [STDERR_REDIRECT] [Fatal Error] :1:1: Premature end of file.
2025-10-04 11:49:49,194 [ERROR] LogOutputStream:75 - [STDERR_REDIRECT] 
2025-10-04 11:49:50,193 [ERROR] LogOutputStream:75 - [STDERR_REDIRECT] [Fatal Error] :1:1: Premature end of file.
2025-10-04 11:49:50,193 [ERROR] LogOutputStream:75 - [STDERR_REDIRECT] 
2025-10-04 11:49:51,197 [ERROR] LogOutputStream:75 - [STDERR_REDIRECT] [Fatal Error] :1:1: Premature end of file.
2025-10-04 11:49:51,197 [ERROR] LogOutputStream:75 - [STDERR_REDIRECT] 
2025-10-04 11:49:52,194 [ERROR] LogOutputStream:75 - [STDERR_REDIRECT] [Fatal Error] :1:1: Premature end of file.
2025-10-04 11:49:52,194 [ERROR] LogOutputStream:75 - [STDERR_REDIRECT] 
2025-10-04 11:49:53,194 [ERROR] LogOutputStream:75 - [STDERR_REDIRECT] [Fatal Error] :1:1: Premature end of file.
2025-10-04 11:49:53,194 [ERROR] LogOutputStream:75 - [STDERR_REDIRECT] 
2025-10-04 11:49:54,190 [ERROR] LogOutputStream:75 - [STDERR_REDIRECT] [Fatal Error] :1:1: Premature end of file.
2025-10-04 11:49:54,190 [ERROR] LogOutputStream:75 - [STDERR_REDIRECT] 
2025-10-04 11:49:55,197 [ERROR] LogOutputStream:75 - [STDERR_REDIRECT] [Fatal Error] :1:1: Premature end of file.
2025-10-04 11:49:55,197 [ERROR] LogOutputStream:75 - [STDERR_REDIRECT] 
2025-10-04 11:49:56,196 [ERROR] LogOutputStream:75 - [STDERR_REDIRECT] [Fatal Error] :1:1: Premature end of file.
2025-10-04 11:49:56,196 [ERROR] LogOutputStream:75 - [STDERR_REDIRECT] 
2025-10-04 11:49:57,192 [ERROR] LogOutputStream:75 - [STDERR_REDIRECT] [Fatal Error] :1:1: Premature end of file.
2025-10-04 11:49:57,192 [ERROR] LogOutputStream:75 - [STDERR_REDIRECT] 
2025-10-04 11:49:58,197 [ERROR] LogOutputStream:75 - [STDERR_REDIRECT] [Fatal Error] :1:1: Premature end of file.
2025-10-04 11:49:58,197 [ERROR] LogOutputStream:75 - [STDERR_REDIRECT] 
2025-10-04 11:49:59,191 [ERROR] LogOutputStream:75 - [STDERR_REDIRECT] [Fatal Error] :1:1: Premature end of file.
2025-10-04 11:49:59,191 [ERROR] LogOutputStream:75 - [STDERR_REDIRECT] 
2025-10-04 11:50:00,186 [ERROR] LogOutputStream:75 - [STDERR_REDIRECT] [Fatal Error] :1:1: Premature end of file.
2025-10-04 11:50:00,186 [ERROR] LogOutputStream:75 - [STDERR_REDIRECT] 
2025-10-04 11:50:01,195 [ERROR] LogOutputStream:75 - [STDERR_REDIRECT] [Fatal Error] :1:1: Premature end of file.
2025-10-04 11:50:01,195 [ERROR] LogOutputStream:75 - [STDERR_REDIRECT] 
2025-10-04 11:50:02,191 [ERROR] LogOutputStream:75 - [STDERR_REDIRECT] [Fatal Error] :1:1: Premature end of file.
2025-10-04 11:50:02,192 [ERROR] LogOutputStream:75 - [STDERR_REDIRECT] 
2025-10-04 11:50:03,188 [ERROR] LogOutputStream:75 - [STDERR_REDIRECT] [Fatal Error] :1:1: Premature end of file.
2025-10-04 11:50:03,188 [ERROR] LogOutputStream:75 - [STDERR_REDIRECT] 
2025-10-04 11:50:04,192 [ERROR] LogOutputStream:75 - [STDERR_REDIRECT] [Fatal Error] :1:1: Premature end of file.
2025-10-04 11:50:04,192 [ERROR] LogOutputStream:75 - [STDERR_REDIRECT] 
2025-10-04 11:50:05,186 [ERROR] LogOutputStream:75 - [STDERR_REDIRECT] [Fatal Error] :1:1: Premature end of file.
2025-10-04 11:50:05,187 [ERROR] LogOutputStream:75 - [STDERR_REDIRECT] 
2025-10-04 11:50:06,192 [ERROR] LogOutputStream:75 - [STDERR_REDIRECT] [Fatal Error] :1:1: Premature end of file.
2025-10-04 11:50:06,192 [ERROR] LogOutputStream:75 - [STDERR_REDIRECT] 
2025-10-04 11:50:07,197 [ERROR] LogOutputStream:75 - [STDERR_REDIRECT] [Fatal Error] :1:1: Premature end of file.
2025-10-04 11:50:07,197 [ERROR] LogOutputStream:75 - [STDERR_REDIRECT] 
2025-10-04 11:50:08,193 [ERROR] LogOutputStream:75 - [STDERR_REDIRECT] [Fatal Error] :1:1: Premature end of file.
2025-10-04 11:50:08,193 [ERROR] LogOutputStream:75 - [STDERR_REDIRECT] 
2025-10-04 11:50:09,188 [ERROR] LogOutputStream:75 - [STDERR_REDIRECT] [Fatal Error] :1:1: Premature end of file.
2025-10-04 11:50:09,188 [ERROR] LogOutputStream:75 - [STDERR_REDIRECT] 
2025-10-04 11:50:10,186 [ERROR] LogOutputStream:75 - [STDERR_REDIRECT] [Fatal Error] :1:1: Premature end of file.
2025-10-04 11:50:10,186 [ERROR] LogOutputStream:75 - [STDERR_REDIRECT] 
2025-10-04 11:50:11,197 [ERROR] LogOutputStream:75 - [STDERR_REDIRECT] [Fatal Error] :1:1: Premature end of file.
2025-10-04 11:50:11,197 [ERROR] LogOutputStream:75 - [STDERR_REDIRECT] 
2025-10-04 11:50:12,199 [ERROR] LogOutputStream:75 - [STDERR_REDIRECT] [Fatal Error] :1:1: Premature end of file.
2025-10-04 11:50:12,199 [ERROR] LogOutputStream:75 - [STDERR_REDIRECT] 
2025-10-04 11:50:13,190 [ERROR] LogOutputStream:75 - [STDERR_REDIRECT] [Fatal Error] :1:1: Premature end of file.
2025-10-04 11:50:13,190 [ERROR] LogOutputStream:75 - [STDERR_REDIRECT] 
2025-10-04 11:50:14,184 [ERROR] LogOutputStream:75 - [STDERR_REDIRECT] [Fatal Error] :1:1: Premature end of file.
2025-10-04 11:50:14,184 [ERROR] LogOutputStream:75 - [STDERR_REDIRECT] 
2025-10-04 11:50:15,194 [ERROR] LogOutputStream:75 - [STDERR_REDIRECT] [Fatal Error] :1:1: Premature end of file.
2025-10-04 11:50:15,194 [ERROR] LogOutputStream:75 - [STDERR_REDIRECT] 
2025-10-04 11:50:16,214 [ERROR] LogOutputStream:75 - [STDERR_REDIRECT] [Fatal Error] :1:1: Premature end of file.
2025-10-04 11:50:16,215 [ERROR] LogOutputStream:75 - [STDERR_REDIRECT] 
2025-10-04 11:50:17,191 [ERROR] LogOutputStream:75 - [STDERR_REDIRECT] [Fatal Error] :1:1: Premature end of file.
2025-10-04 11:50:17,191 [ERROR] LogOutputStream:75 - [STDERR_REDIRECT] 
2025-10-04 11:50:18,184 [ERROR] LogOutputStream:75 - [STDERR_REDIRECT] [Fatal Error] :1:1: Premature end of file.
2025-10-04 11:50:18,184 [ERROR] LogOutputStream:75 - [STDERR_REDIRECT] 
2025-10-04 11:50:19,192 [ERROR] LogOutputStream:75 - [STDERR_REDIRECT] [Fatal Error] :1:1: Premature end of file.
2025-10-04 11:50:19,192 [ERROR] LogOutputStream:75 - [STDERR_REDIRECT] 
2025-10-04 11:50:20,189 [ERROR] LogOutputStream:75 - [STDERR_REDIRECT] [Fatal Error] :1:1: Premature end of file.
2025-10-04 11:50:20,189 [ERROR] LogOutputStream:75 - [STDERR_REDIRECT] 
2025-10-04 11:50:21,197 [ERROR] LogOutputStream:75 - [STDERR_REDIRECT] [Fatal Error] :1:1: Premature end of file.
2025-10-04 11:50:21,197 [ERROR] LogOutputStream:75 - [STDERR_REDIRECT] 
2025-10-04 11:50:22,193 [ERROR] LogOutputStream:75 - [STDERR_REDIRECT] [Fatal Error] :1:1: Premature end of file.
2025-10-04 11:50:22,194 [ERROR] LogOutputStream:75 - [STDERR_REDIRECT] 
2025-10-04 11:50:23,185 [ERROR] LogOutputStream:75 - [STDERR_REDIRECT] [Fatal Error] :1:1: Premature end of file.
2025-10-04 11:50:23,185 [ERROR] LogOutputStream:75 - [STDERR_REDIRECT] 
2025-10-04 11:50:24,196 [ERROR] LogOutputStream:75 - [STDERR_REDIRECT] [Fatal Error] :1:1: Premature end of file.
2025-10-04 11:50:24,197 [ERROR] LogOutputStream:75 - [STDERR_REDIRECT] 
2025-10-04 11:50:25,191 [ERROR] LogOutputStream:75 - [STDERR_REDIRECT] [Fatal Error] :1:1: Premature end of file.
2025-10-04 11:50:25,191 [ERROR] LogOutputStream:75 - [STDERR_REDIRECT] 
2025-10-04 11:50:26,188 [ERROR] LogOutputStream:75 - [STDERR_REDIRECT] [Fatal Error] :1:1: Premature end of file.
2025-10-04 11:50:26,188 [ERROR] LogOutputStream:75 - [STDERR_REDIRECT] 
2025-10-04 11:50:27,188 [ERROR] LogOutputStream:75 - [STDERR_REDIRECT] [Fatal Error] :1:1: Premature end of file.
2025-10-04 11:50:27,188 [ERROR] LogOutputStream:75 - [STDERR_REDIRECT] 
2025-10-04 11:50:28,194 [ERROR] LogOutputStream:75 - [STDERR_REDIRECT] [Fatal Error] :1:1: Premature end of file.
2025-10-04 11:50:28,194 [ERROR] LogOutputStream:75 - [STDERR_REDIRECT] 
2025-10-04 11:50:29,185 [ERROR] LogOutputStream:75 - [STDERR_REDIRECT] [Fatal Error] :1:1: Premature end of file.
2025-10-04 11:50:29,185 [ERROR] LogOutputStream:75 - [STDERR_REDIRECT] 
2025-10-04 11:50:30,182 [ERROR] LogOutputStream:75 - [STDERR_REDIRECT] [Fatal Error] :1:1: Premature end of file.
2025-10-04 11:50:30,182 [ERROR] LogOutputStream:75 - [STDERR_REDIRECT] 
2025-10-04 11:50:31,194 [ERROR] LogOutputStream:75 - [STDERR_REDIRECT] [Fatal Error] :1:1: Premature end of file.
2025-10-04 11:50:31,194 [ERROR] LogOutputStream:75 - [STDERR_REDIRECT] 
2025-10-04 11:50:32,192 [ERROR] LogOutputStream:75 - [STDERR_REDIRECT] [Fatal Error] :1:1: Premature end of file.
2025-10-04 11:50:32,192 [ERROR] LogOutputStream:75 - [STDERR_REDIRECT] 
2025-10-04 11:50:33,184 [ERROR] LogOutputStream:75 - [STDERR_REDIRECT] [Fatal Error] :1:1: Premature end of file.
2025-10-04 11:50:33,184 [ERROR] LogOutputStream:75 - [STDERR_REDIRECT] 
2025-10-04 11:50:34,192 [ERROR] LogOutputStream:75 - [STDERR_REDIRECT] [Fatal Error] :1:1: Premature end of file.
2025-10-04 11:50:34,192 [ERROR] LogOutputStream:75 - [STDERR_REDIRECT] 
2025-10-04 11:50:35,184 [ERROR] LogOutputStream:75 - [STDERR_REDIRECT] [Fatal Error] :1:1: Premature end of file.
2025-10-04 11:50:35,184 [ERROR] LogOutputStream:75 - [STDERR_REDIRECT] 
2025-10-04 11:50:36,193 [ERROR] LogOutputStream:75 - [STDERR_REDIRECT] [Fatal Error] :1:1: Premature end of file.
2025-10-04 11:50:36,193 [ERROR] LogOutputStream:75 - [STDERR_REDIRECT] 
2025-10-04 11:50:37,186 [ERROR] LogOutputStream:75 - [STDERR_REDIRECT] [Fatal Error] :1:1: Premature end of file.
2025-10-04 11:50:37,186 [ERROR] LogOutputStream:75 - [STDERR_REDIRECT] 
2025-10-04 11:50:38,183 [ERROR] LogOutputStream:75 - [STDERR_REDIRECT] [Fatal Error] :1:1: Premature end of file.
2025-10-04 11:50:38,183 [ERROR] LogOutputStream:75 - [STDERR_REDIRECT] 
2025-10-04 11:50:39,194 [ERROR] LogOutputStream:75 - [STDERR_REDIRECT] [Fatal Error] :1:1: Premature end of file.
2025-10-04 11:50:39,194 [ERROR] LogOutputStream:75 - [STDERR_REDIRECT] 
2025-10-04 11:50:40,191 [ERROR] LogOutputStream:75 - [STDERR_REDIRECT] [Fatal Error] :1:1: Premature end of file.
2025-10-04 11:50:40,191 [ERROR] LogOutputStream:75 - [STDERR_REDIRECT] 
2025-10-04 11:50:41,183 [ERROR] LogOutputStream:75 - [STDERR_REDIRECT] [Fatal Error] :1:1: Premature end of file.
2025-10-04 11:50:41,183 [ERROR] LogOutputStream:75 - [STDERR_REDIRECT] 
2025-10-04 11:50:42,204 [ERROR] LogOutputStream:75 - [STDERR_REDIRECT] [Fatal Error] :1:1: Premature end of file.
2025-10-04 11:50:42,204 [ERROR] LogOutputStream:75 - [STDERR_REDIRECT] 
2025-10-04 11:50:43,194 [ERROR] LogOutputStream:75 - [STDERR_REDIRECT] [Fatal Error] :1:1: Premature end of file.
2025-10-04 11:50:43,195 [ERROR] LogOutputStream:75 - [STDERR_REDIRECT] 
2025-10-04 11:50:44,203 [ERROR] LogOutputStream:75 - [STDERR_REDIRECT] [Fatal Error] :1:1: Premature end of file.
2025-10-04 11:50:44,203 [ERROR] LogOutputStream:75 - [STDERR_REDIRECT] 
2025-10-04 11:50:45,198 [ERROR] LogOutputStream:75 - [STDERR_REDIRECT] [Fatal Error] :1:1: Premature end of file.
2025-10-04 11:50:45,198 [ERROR] LogOutputStream:75 - [STDERR_REDIRECT] 
2025-10-04 11:50:46,194 [ERROR] LogOutputStream:75 - [STDERR_REDIRECT] [Fatal Error] :1:1: Premature end of file.
2025-10-04 11:50:46,195 [ERROR] LogOutputStream:75 - [STDERR_REDIRECT] 
2025-10-04 11:50:47,191 [ERROR] LogOutputStream:75 - [STDERR_REDIRECT] [Fatal Error] :1:1: Premature end of file.
2025-10-04 11:50:47,191 [ERROR] LogOutputStream:75 - [STDERR_REDIRECT] 
2025-10-04 11:50:48,189 [ERROR] LogOutputStream:75 - [STDERR_REDIRECT] [Fatal Error] :1:1: Premature end of file.
2025-10-04 11:50:48,189 [ERROR] LogOutputStream:75 - [STDERR_REDIRECT] 
2025-10-04 11:50:49,182 [ERROR] LogOutputStream:75 - [STDERR_REDIRECT] [Fatal Error] :1:1: Premature end of file.
2025-10-04 11:50:49,182 [ERROR] LogOutputStream:75 - [STDERR_REDIRECT] 
2025-10-04 11:50:50,183 [ERROR] LogOutputStream:75 - [STDERR_REDIRECT] [Fatal Error] :1:1: Premature end of file.
2025-10-04 11:50:50,183 [ERROR] LogOutputStream:75 - [STDERR_REDIRECT] 
2025-10-04 11:50:51,186 [ERROR] LogOutputStream:75 - [STDERR_REDIRECT] [Fatal Error] :1:1: Premature end of file.
2025-10-04 11:50:51,186 [ERROR] LogOutputStream:75 - [STDERR_REDIRECT] 
2025-10-04 11:50:52,188 [ERROR] LogOutputStream:75 - [STDERR_REDIRECT] [Fatal Error] :1:1: Premature end of file.
2025-10-04 11:50:52,188 [ERROR] LogOutputStream:75 - [STDERR_REDIRECT] 
2025-10-04 11:50:53,185 [ERROR] LogOutputStream:75 - [STDERR_REDIRECT] [Fatal Error] :1:1: Premature end of file.
2025-10-04 11:50:53,185 [ERROR] LogOutputStream:75 - [STDERR_REDIRECT] 
2025-10-04 11:50:54,189 [ERROR] LogOutputStream:75 - [STDERR_REDIRECT] [Fatal Error] :1:1: Premature end of file.
2025-10-04 11:50:54,189 [ERROR] LogOutputStream:75 - [STDERR_REDIRECT] 
2025-10-04 11:50:55,186 [ERROR] LogOutputStream:75 - [STDERR_REDIRECT] [Fatal Error] :1:1: Premature end of file.
2025-10-04 11:50:55,186 [ERROR] LogOutputStream:75 - [STDERR_REDIRECT] 
2025-10-04 11:50:56,183 [ERROR] LogOutputStream:75 - [STDERR_REDIRECT] [Fatal Error] :1:1: Premature end of file.
2025-10-04 11:50:56,183 [ERROR] LogOutputStream:75 - [STDERR_REDIRECT] 
2025-10-04 11:50:57,183 [ERROR] LogOutputStream:75 - [STDERR_REDIRECT] [Fatal Error] :1:1: Premature end of file.
2025-10-04 11:50:57,183 [ERROR] LogOutputStream:75 - [STDERR_REDIRECT] 
2025-10-04 11:50:58,186 [ERROR] LogOutputStream:75 - [STDERR_REDIRECT] [Fatal Error] :1:1: Premature end of file.
2025-10-04 11:50:58,186 [ERROR] LogOutputStream:75 - [STDERR_REDIRECT] 
2025-10-04 11:50:59,195 [ERROR] LogOutputStream:75 - [STDERR_REDIRECT] [Fatal Error] :1:1: Premature end of file.
2025-10-04 11:50:59,195 [ERROR] LogOutputStream:75 - [STDERR_REDIRECT] 
2025-10-04 11:51:00,195 [ERROR] LogOutputStream:75 - [STDERR_REDIRECT] [Fatal Error] :1:1: Premature end of file.
2025-10-04 11:51:00,195 [ERROR] LogOutputStream:75 - [STDERR_REDIRECT] 
2025-10-04 11:51:01,194 [ERROR] LogOutputStream:75 - [STDERR_REDIRECT] [Fatal Error] :1:1: Premature end of file.
2025-10-04 11:51:01,194 [ERROR] LogOutputStream:75 - [STDERR_REDIRECT] 
2025-10-04 11:51:02,193 [ERROR] LogOutputStream:75 - [STDERR_REDIRECT] [Fatal Error] :1:1: Premature end of file.
2025-10-04 11:51:02,193 [ERROR] LogOutputStream:75 - [STDERR_REDIRECT] 
2025-10-04 11:51:03,188 [ERROR] LogOutputStream:75 - [STDERR_REDIRECT] [Fatal Error] :1:1: Premature end of file.
2025-10-04 11:51:03,189 [ERROR] LogOutputStream:75 - [STDERR_REDIRECT] 
2025-10-04 11:51:04,195 [ERROR] LogOutputStream:75 - [STDERR_REDIRECT] [Fatal Error] :1:1: Premature end of file.
2025-10-04 11:51:04,195 [ERROR] LogOutputStream:75 - [STDERR_REDIRECT] 
2025-10-04 11:51:05,190 [ERROR] LogOutputStream:75 - [STDERR_REDIRECT] [Fatal Error] :1:1: Premature end of file.
2025-10-04 11:51:05,190 [ERROR] LogOutputStream:75 - [STDERR_REDIRECT] 
2025-10-04 11:51:06,186 [ERROR] LogOutputStream:75 - [STDERR_REDIRECT] [Fatal Error] :1:1: Premature end of file.
2025-10-04 11:51:06,186 [ERROR] LogOutputStream:75 - [STDERR_REDIRECT] 
2025-10-04 11:51:07,181 [ERROR] LogOutputStream:75 - [STDERR_REDIRECT] [Fatal Error] :1:1: Premature end of file.
2025-10-04 11:51:07,182 [ERROR] LogOutputStream:75 - [STDERR_REDIRECT] 
2025-10-04 11:51:08,182 [ERROR] LogOutputStream:75 - [STDERR_REDIRECT] [Fatal Error] :1:1: Premature end of file.
2025-10-04 11:51:08,183 [ERROR] LogOutputStream:75 - [STDERR_REDIRECT] 
2025-10-04 11:51:09,183 [ERROR] LogOutputStream:75 - [STDERR_REDIRECT] [Fatal Error] :1:1: Premature end of file.
2025-10-04 11:51:09,183 [ERROR] LogOutputStream:75 - [STDERR_REDIRECT] 
2025-10-04 11:51:10,182 [ERROR] LogOutputStream:75 - [STDERR_REDIRECT] [Fatal Error] :1:1: Premature end of file.
2025-10-04 11:51:10,182 [ERROR] LogOutputStream:75 - [STDERR_REDIRECT] 
2025-10-04 11:51:11,184 [ERROR] LogOutputStream:75 - [STDERR_REDIRECT] [Fatal Error] :1:1: Premature end of file.
2025-10-04 11:51:11,184 [ERROR] LogOutputStream:75 - [STDERR_REDIRECT] 
2025-10-04 11:51:12,191 [ERROR] LogOutputStream:75 - [STDERR_REDIRECT] [Fatal Error] :1:1: Premature end of file.
2025-10-04 11:51:12,191 [ERROR] LogOutputStream:75 - [STDERR_REDIRECT] 
2025-10-04 11:51:13,186 [ERROR] LogOutputStream:75 - [STDERR_REDIRECT] [Fatal Error] :1:1: Premature end of file.
2025-10-04 11:51:13,186 [ERROR] LogOutputStream:75 - [STDERR_REDIRECT] 
2025-10-04 11:51:14,193 [ERROR] LogOutputStream:75 - [STDERR_REDIRECT] [Fatal Error] :1:1: Premature end of file.
2025-10-04 11:51:14,193 [ERROR] LogOutputStream:75 - [STDERR_REDIRECT] 
2025-10-04 11:51:15,191 [ERROR] LogOutputStream:75 - [STDERR_REDIRECT] [Fatal Error] :1:1: Premature end of file.
2025-10-04 11:51:15,191 [ERROR] LogOutputStream:75 - [STDERR_REDIRECT] 
2025-10-04 11:51:16,189 [ERROR] LogOutputStream:75 - [STDERR_REDIRECT] [Fatal Error] :1:1: Premature end of file.
2025-10-04 11:51:16,189 [ERROR] LogOutputStream:75 - [STDERR_REDIRECT] 
2025-10-04 11:51:17,182 [ERROR] LogOutputStream:75 - [STDERR_REDIRECT] [Fatal Error] :1:1: Premature end of file.
2025-10-04 11:51:17,182 [ERROR] LogOutputStream:75 - [STDERR_REDIRECT] 
2025-10-04 11:51:18,182 [ERROR] LogOutputStream:75 - [STDERR_REDIRECT] [Fatal Error] :1:1: Premature end of file.
2025-10-04 11:51:18,182 [ERROR] LogOutputStream:75 - [STDERR_REDIRECT] 
2025-10-04 11:51:19,183 [ERROR] LogOutputStream:75 - [STDERR_REDIRECT] [Fatal Error] :1:1: Premature end of file.
2025-10-04 11:51:19,183 [ERROR] LogOutputStream:75 - [STDERR_REDIRECT] 
2025-10-04 11:51:20,182 [ERROR] LogOutputStream:75 - [STDERR_REDIRECT] [Fatal Error] :1:1: Premature end of file.
2025-10-04 11:51:20,182 [ERROR] LogOutputStream:75 - [STDERR_REDIRECT] 
2025-10-04 11:51:21,184 [ERROR] LogOutputStream:75 - [STDERR_REDIRECT] [Fatal Error] :1:1: Premature end of file.
2025-10-04 11:51:21,184 [ERROR] LogOutputStream:75 - [STDERR_REDIRECT] 
2025-10-04 11:51:22,182 [ERROR] LogOutputStream:75 - [STDERR_REDIRECT] [Fatal Error] :1:1: Premature end of file.
2025-10-04 11:51:22,182 [ERROR] LogOutputStream:75 - [STDERR_REDIRECT] 
2025-10-04 11:51:23,183 [ERROR] LogOutputStream:75 - [STDERR_REDIRECT] [Fatal Error] :1:1: Premature end of file.
2025-10-04 11:51:23,183 [ERROR] LogOutputStream:75 - [STDERR_REDIRECT] 
2025-10-04 11:51:24,181 [ERROR] LogOutputStream:75 - [STDERR_REDIRECT] [Fatal Error] :1:1: Premature end of file.
2025-10-04 11:51:24,181 [ERROR] LogOutputStream:75 - [STDERR_REDIRECT] 
2025-10-04 11:51:25,183 [ERROR] LogOutputStream:75 - [STDERR_REDIRECT] [Fatal Error] :1:1: Premature end of file.
2025-10-04 11:51:25,183 [ERROR] LogOutputStream:75 - [STDERR_REDIRECT] 
2025-10-04 11:51:26,183 [ERROR] LogOutputStream:75 - [STDERR_REDIRECT] [Fatal Error] :1:1: Premature end of file.
2025-10-04 11:51:26,183 [ERROR] LogOutputStream:75 - [STDERR_REDIRECT] 
2025-10-04 11:51:27,185 [ERROR] LogOutputStream:75 - [STDERR_REDIRECT] [Fatal Error] :1:1: Premature end of file.
2025-10-04 11:51:27,185 [ERROR] LogOutputStream:75 - [STDERR_REDIRECT] 
2025-10-04 11:51:28,184 [ERROR] LogOutputStream:75 - [STDERR_REDIRECT] [Fatal Error] :1:1: Premature end of file.
2025-10-04 11:51:28,184 [ERROR] LogOutputStream:75 - [STDERR_REDIRECT] 
2025-10-04 11:51:29,185 [ERROR] LogOutputStream:75 - [STDERR_REDIRECT] [Fatal Error] :1:1: Premature end of file.
2025-10-04 11:51:29,185 [ERROR] LogOutputStream:75 - [STDERR_REDIRECT] 
2025-10-04 11:51:30,182 [ERROR] LogOutputStream:75 - [STDERR_REDIRECT] [Fatal Error] :1:1: Premature end of file.
2025-10-04 11:51:30,182 [ERROR] LogOutputStream:75 - [STDERR_REDIRECT] 
2025-10-04 11:51:31,184 [ERROR] LogOutputStream:75 - [STDERR_REDIRECT] [Fatal Error] :1:1: Premature end of file.
2025-10-04 11:51:31,185 [ERROR] LogOutputStream:75 - [STDERR_REDIRECT] 
2025-10-04 11:51:32,181 [ERROR] LogOutputStream:75 - [STDERR_REDIRECT] [Fatal Error] :1:1: Premature end of file.
2025-10-04 11:51:32,181 [ERROR] LogOutputStream:75 - [STDERR_REDIRECT] 
2025-10-04 11:51:33,182 [ERROR] LogOutputStream:75 - [STDERR_REDIRECT] [Fatal Error] :1:1: Premature end of file.
2025-10-04 11:51:33,182 [ERROR] LogOutputStream:75 - [STDERR_REDIRECT] 
2025-10-04 11:51:34,182 [ERROR] LogOutputStream:75 - [STDERR_REDIRECT] [Fatal Error] :1:1: Premature end of file.
2025-10-04 11:51:34,182 [ERROR] LogOutputStream:75 - [STDERR_REDIRECT] 
2025-10-04 11:51:35,183 [ERROR] LogOutputStream:75 - [STDERR_REDIRECT] [Fatal Error] :1:1: Premature end of file.
2025-10-04 11:51:35,183 [ERROR] LogOutputStream:75 - [STDERR_REDIRECT] 
2025-10-04 11:51:36,181 [ERROR] LogOutputStream:75 - [STDERR_REDIRECT] [Fatal Error] :1:1: Premature end of file.
2025-10-04 11:51:36,181 [ERROR] LogOutputStream:75 - [STDERR_REDIRECT] 
2025-10-04 11:51:37,181 [ERROR] LogOutputStream:75 - [STDERR_REDIRECT] [Fatal Error] :1:1: Premature end of file.
2025-10-04 11:51:37,181 [ERROR] LogOutputStream:75 - [STDERR_REDIRECT] 
2025-10-04 11:51:38,181 [ERROR] LogOutputStream:75 - [STDERR_REDIRECT] [Fatal Error] :1:1: Premature end of file.
2025-10-04 11:51:38,181 [ERROR] LogOutputStream:75 - [STDERR_REDIRECT] 
2025-10-04 11:51:39,182 [ERROR] LogOutputStream:75 - [STDERR_REDIRECT] [Fatal Error] :1:1: Premature end of file.
2025-10-04 11:51:39,182 [ERROR] LogOutputStream:75 - [STDERR_REDIRECT] 
2025-10-04 11:51:40,182 [ERROR] LogOutputStream:75 - [STDERR_REDIRECT] [Fatal Error] :1:1: Premature end of file.
2025-10-04 11:51:40,182 [ERROR] LogOutputStream:75 - [STDERR_REDIRECT] 
2025-10-04 11:51:41,184 [ERROR] LogOutputStream:75 - [STDERR_REDIRECT] [Fatal Error] :1:1: Premature end of file.
2025-10-04 11:51:41,184 [ERROR] LogOutputStream:75 - [STDERR_REDIRECT] 
2025-10-04 11:51:42,182 [ERROR] LogOutputStream:75 - [STDERR_REDIRECT] [Fatal Error] :1:1: Premature end of file.
2025-10-04 11:51:42,182 [ERROR] LogOutputStream:75 - [STDERR_REDIRECT] 
2025-10-04 11:51:43,182 [ERROR] LogOutputStream:75 - [STDERR_REDIRECT] [Fatal Error] :1:1: Premature end of file.
2025-10-04 11:51:43,183 [ERROR] LogOutputStream:75 - [STDERR_REDIRECT] 
2025-10-04 11:51:44,182 [ERROR] LogOutputStream:75 - [STDERR_REDIRECT] [Fatal Error] :1:1: Premature end of file.
2025-10-04 11:51:44,182 [ERROR] LogOutputStream:75 - [STDERR_REDIRECT] 
2025-10-04 11:51:45,181 [ERROR] LogOutputStream:75 - [STDERR_REDIRECT] [Fatal Error] :1:1: Premature end of file.
2025-10-04 11:51:45,181 [ERROR] LogOutputStream:75 - [STDERR_REDIRECT] 
2025-10-04 11:51:46,188 [ERROR] LogOutputStream:75 - [STDERR_REDIRECT] [Fatal Error] :1:1: Premature end of file.
2025-10-04 11:51:46,189 [ERROR] LogOutputStream:75 - [STDERR_REDIRECT] 
2025-10-04 11:51:47,189 [ERROR] LogOutputStream:75 - [STDERR_REDIRECT] [Fatal Error] :1:1: Premature end of file.
2025-10-04 11:51:47,189 [ERROR] LogOutputStream:75 - [STDERR_REDIRECT] 
2025-10-04 11:51:48,194 [ERROR] LogOutputStream:75 - [STDERR_REDIRECT] [Fatal Error] :1:1: Premature end of file.
2025-10-04 11:51:48,194 [ERROR] LogOutputStream:75 - [STDERR_REDIRECT] 
2025-10-04 11:51:49,185 [ERROR] LogOutputStream:75 - [STDERR_REDIRECT] [Fatal Error] :1:1: Premature end of file.
2025-10-04 11:51:49,185 [ERROR] LogOutputStream:75 - [STDERR_REDIRECT] 
2025-10-04 11:51:50,191 [ERROR] LogOutputStream:75 - [STDERR_REDIRECT] [Fatal Error] :1:1: Premature end of file.
2025-10-04 11:51:50,191 [ERROR] LogOutputStream:75 - [STDERR_REDIRECT] 
2025-10-04 11:51:51,195 [ERROR] LogOutputStream:75 - [STDERR_REDIRECT] [Fatal Error] :1:1: Premature end of file.
2025-10-04 11:51:51,195 [ERROR] LogOutputStream:75 - [STDERR_REDIRECT] 
2025-10-04 11:51:52,184 [ERROR] LogOutputStream:75 - [STDERR_REDIRECT] [Fatal Error] :1:1: Premature end of file.
2025-10-04 11:51:52,184 [ERROR] LogOutputStream:75 - [STDERR_REDIRECT] 
2025-10-04 11:51:53,190 [ERROR] LogOutputStream:75 - [STDERR_REDIRECT] [Fatal Error] :1:1: Premature end of file.
2025-10-04 11:51:53,190 [ERROR] LogOutputStream:75 - [STDERR_REDIRECT] 
2025-10-04 11:51:54,184 [ERROR] LogOutputStream:75 - [STDERR_REDIRECT] [Fatal Error] :1:1: Premature end of file.
2025-10-04 11:51:54,184 [ERROR] LogOutputStream:75 - [STDERR_REDIRECT] 
2025-10-04 11:51:55,186 [ERROR] LogOutputStream:75 - [STDERR_REDIRECT] [Fatal Error] :1:1: Premature end of file.
2025-10-04 11:51:55,186 [ERROR] LogOutputStream:75 - [STDERR_REDIRECT] 
2025-10-04 11:51:56,187 [ERROR] LogOutputStream:75 - [STDERR_REDIRECT] [Fatal Error] :1:1: Premature end of file.
2025-10-04 11:51:56,188 [ERROR] LogOutputStream:75 - [STDERR_REDIRECT] 
2025-10-04 11:51:57,183 [ERROR] LogOutputStream:75 - [STDERR_REDIRECT] [Fatal Error] :1:1: Premature end of file.
2025-10-04 11:51:57,183 [ERROR] LogOutputStream:75 - [STDERR_REDIRECT] 
2025-10-04 11:51:58,182 [ERROR] LogOutputStream:75 - [STDERR_REDIRECT] [Fatal Error] :1:1: Premature end of file.
2025-10-04 11:51:58,182 [ERROR] LogOutputStream:75 - [STDERR_REDIRECT] 
2025-10-04 11:51:59,185 [ERROR] LogOutputStream:75 - [STDERR_REDIRECT] [Fatal Error] :1:1: Premature end of file.
2025-10-04 11:51:59,185 [ERROR] LogOutputStream:75 - [STDERR_REDIRECT] 
2025-10-04 11:52:00,186 [ERROR] LogOutputStream:75 - [STDERR_REDIRECT] [Fatal Error] :1:1: Premature end of file.
2025-10-04 11:52:00,186 [ERROR] LogOutputStream:75 - [STDERR_REDIRECT] 
2025-10-04 11:52:01,182 [ERROR] LogOutputStream:75 - [STDERR_REDIRECT] [Fatal Error] :1:1: Premature end of file.
2025-10-04 11:52:01,182 [ERROR] LogOutputStream:75 - [STDERR_REDIRECT] 
2025-10-04 11:52:02,182 [ERROR] LogOutputStream:75 - [STDERR_REDIRECT] [Fatal Error] :1:1: Premature end of file.
2025-10-04 11:52:02,182 [ERROR] LogOutputStream:75 - [STDERR_REDIRECT] 
2025-10-04 11:52:03,181 [ERROR] LogOutputStream:75 - [STDERR_REDIRECT] [Fatal Error] :1:1: Premature end of file.
2025-10-04 11:52:03,181 [ERROR] LogOutputStream:75 - [STDERR_REDIRECT] 
2025-10-04 11:52:04,181 [ERROR] LogOutputStream:75 - [STDERR_REDIRECT] [Fatal Error] :1:1: Premature end of file.
2025-10-04 11:52:04,181 [ERROR] LogOutputStream:75 - [STDERR_REDIRECT] 
2025-10-04 11:52:05,182 [ERROR] LogOutputStream:75 - [STDERR_REDIRECT] [Fatal Error] :1:1: Premature end of file.
2025-10-04 11:52:05,182 [ERROR] LogOutputStream:75 - [STDERR_REDIRECT] 
2025-10-04 11:52:06,181 [ERROR] LogOutputStream:75 - [STDERR_REDIRECT] [Fatal Error] :1:1: Premature end of file.
2025-10-04 11:52:06,181 [ERROR] LogOutputStream:75 - [STDERR_REDIRECT] 
2025-10-04 11:52:07,182 [ERROR] LogOutputStream:75 - [STDERR_REDIRECT] [Fatal Error] :1:1: Premature end of file.
2025-10-04 11:52:07,182 [ERROR] LogOutputStream:75 - [STDERR_REDIRECT] 
2025-10-04 11:52:08,181 [ERROR] LogOutputStream:75 - [STDERR_REDIRECT] [Fatal Error] :1:1: Premature end of file.
2025-10-04 11:52:08,181 [ERROR] LogOutputStream:75 - [STDERR_REDIRECT] 
2025-10-04 11:52:09,182 [ERROR] LogOutputStream:75 - [STDERR_REDIRECT] [Fatal Error] :1:1: Premature end of file.
2025-10-04 11:52:09,182 [ERROR] LogOutputStream:75 - [STDERR_REDIRECT] 
2025-10-04 11:52:10,182 [ERROR] LogOutputStream:75 - [STDERR_REDIRECT] [Fatal Error] :1:1: Premature end of file.
2025-10-04 11:52:10,182 [ERROR] LogOutputStream:75 - [STDERR_REDIRECT] 
2025-10-04 11:52:11,184 [ERROR] LogOutputStream:75 - [STDERR_REDIRECT] [Fatal Error] :1:1: Premature end of file.
2025-10-04 11:52:11,184 [ERROR] LogOutputStream:75 - [STDERR_REDIRECT] 
2025-10-04 11:52:12,182 [ERROR] LogOutputStream:75 - [STDERR_REDIRECT] [Fatal Error] :1:1: Premature end of file.
2025-10-04 11:52:12,182 [ERROR] LogOutputStream:75 - [STDERR_REDIRECT] 
2025-10-04 11:52:13,186 [ERROR] LogOutputStream:75 - [STDERR_REDIRECT] [Fatal Error] :1:1: Premature end of file.
2025-10-04 11:52:13,187 [ERROR] LogOutputStream:75 - [STDERR_REDIRECT] 
2025-10-04 11:52:14,187 [ERROR] LogOutputStream:75 - [STDERR_REDIRECT] [Fatal Error] :1:1: Premature end of file.
2025-10-04 11:52:14,187 [ERROR] LogOutputStream:75 - [STDERR_REDIRECT] 
2025-10-04 11:52:15,183 [ERROR] LogOutputStream:75 - [STDERR_REDIRECT] [Fatal Error] :1:1: Premature end of file.
2025-10-04 11:52:15,184 [ERROR] LogOutputStream:75 - [STDERR_REDIRECT] 
2025-10-04 11:52:16,190 [ERROR] LogOutputStream:75 - [STDERR_REDIRECT] [Fatal Error] :1:1: Premature end of file.
2025-10-04 11:52:16,190 [ERROR] LogOutputStream:75 - [STDERR_REDIRECT] 
2025-10-04 11:52:17,182 [ERROR] LogOutputStream:75 - [STDERR_REDIRECT] [Fatal Error] :1:1: Premature end of file.
2025-10-04 11:52:17,182 [ERROR] LogOutputStream:75 - [STDERR_REDIRECT] 
2025-10-04 11:52:18,187 [ERROR] LogOutputStream:75 - [STDERR_REDIRECT] [Fatal Error] :1:1: Premature end of file.
2025-10-04 11:52:18,187 [ERROR] LogOutputStream:75 - [STDERR_REDIRECT] 
2025-10-04 11:52:19,200 [ERROR] LogOutputStream:75 - [STDERR_REDIRECT] [Fatal Error] :1:1: Premature end of file.
2025-10-04 11:52:19,200 [ERROR] LogOutputStream:75 - [STDERR_REDIRECT] 
2025-10-04 11:52:20,189 [ERROR] LogOutputStream:75 - [STDERR_REDIRECT] [Fatal Error] :1:1: Premature end of file.
2025-10-04 11:52:20,189 [ERROR] LogOutputStream:75 - [STDERR_REDIRECT] 
2025-10-04 11:52:21,186 [ERROR] LogOutputStream:75 - [STDERR_REDIRECT] [Fatal Error] :1:1: Premature end of file.
2025-10-04 11:52:21,187 [ERROR] LogOutputStream:75 - [STDERR_REDIRECT] 
2025-10-04 11:52:22,190 [ERROR] LogOutputStream:75 - [STDERR_REDIRECT] [Fatal Error] :1:1: Premature end of file.
2025-10-04 11:52:22,191 [ERROR] LogOutputStream:75 - [STDERR_REDIRECT] 
2025-10-04 11:52:23,185 [ERROR] LogOutputStream:75 - [STDERR_REDIRECT] [Fatal Error] :1:1: Premature end of file.
2025-10-04 11:52:23,185 [ERROR] LogOutputStream:75 - [STDERR_REDIRECT] 
2025-10-04 11:52:24,185 [ERROR] LogOutputStream:75 - [STDERR_REDIRECT] [Fatal Error] :1:1: Premature end of file.
2025-10-04 11:52:24,185 [ERROR] LogOutputStream:75 - [STDERR_REDIRECT] 
2025-10-04 11:52:25,191 [ERROR] LogOutputStream:75 - [STDERR_REDIRECT] [Fatal Error] :1:1: Premature end of file.
2025-10-04 11:52:25,191 [ERROR] LogOutputStream:75 - [STDERR_REDIRECT] 
2025-10-04 11:52:26,188 [ERROR] LogOutputStream:75 - [STDERR_REDIRECT] [Fatal Error] :1:1: Premature end of file.
2025-10-04 11:52:26,188 [ERROR] LogOutputStream:75 - [STDERR_REDIRECT] 
2025-10-04 11:52:27,188 [ERROR] LogOutputStream:75 - [STDERR_REDIRECT] [Fatal Error] :1:1: Premature end of file.
2025-10-04 11:52:27,188 [ERROR] LogOutputStream:75 - [STDERR_REDIRECT] 
2025-10-04 11:52:28,202 [ERROR] LogOutputStream:75 - [STDERR_REDIRECT] [Fatal Error] :1:1: Premature end of file.
2025-10-04 11:52:28,202 [ERROR] LogOutputStream:75 - [STDERR_REDIRECT] 
2025-10-04 11:52:29,199 [ERROR] LogOutputStream:75 - [STDERR_REDIRECT] [Fatal Error] :1:1: Premature end of file.
2025-10-04 11:52:29,200 [ERROR] LogOutputStream:75 - [STDERR_REDIRECT] 
2025-10-04 11:52:30,184 [ERROR] LogOutputStream:75 - [STDERR_REDIRECT] [Fatal Error] :1:1: Premature end of file.
2025-10-04 11:52:30,184 [ERROR] LogOutputStream:75 - [STDERR_REDIRECT] 
2025-10-04 11:52:31,192 [ERROR] LogOutputStream:75 - [STDERR_REDIRECT] [Fatal Error] :1:1: Premature end of file.
2025-10-04 11:52:31,193 [ERROR] LogOutputStream:75 - [STDERR_REDIRECT] 
2025-10-04 11:52:32,183 [ERROR] LogOutputStream:75 - [STDERR_REDIRECT] [Fatal Error] :1:1: Premature end of file.
2025-10-04 11:52:32,183 [ERROR] LogOutputStream:75 - [STDERR_REDIRECT] 
2025-10-04 11:52:33,190 [ERROR] LogOutputStream:75 - [STDERR_REDIRECT] [Fatal Error] :1:1: Premature end of file.
2025-10-04 11:52:33,190 [ERROR] LogOutputStream:75 - [STDERR_REDIRECT] 
2025-10-04 11:52:34,190 [ERROR] LogOutputStream:75 - [STDERR_REDIRECT] [Fatal Error] :1:1: Premature end of file.
2025-10-04 11:52:34,190 [ERROR] LogOutputStream:75 - [STDERR_REDIRECT] 
2025-10-04 11:52:35,190 [ERROR] LogOutputStream:75 - [STDERR_REDIRECT] [Fatal Error] :1:1: Premature end of file.
2025-10-04 11:52:35,190 [ERROR] LogOutputStream:75 - [STDERR_REDIRECT] 
2025-10-04 11:52:36,192 [ERROR] LogOutputStream:75 - [STDERR_REDIRECT] [Fatal Error] :1:1: Premature end of file.
2025-10-04 11:52:36,192 [ERROR] LogOutputStream:75 - [STDERR_REDIRECT] 
2025-10-04 11:52:37,181 [ERROR] LogOutputStream:75 - [STDERR_REDIRECT] [Fatal Error] :1:1: Premature end of file.
2025-10-04 11:52:37,181 [ERROR] LogOutputStream:75 - [STDERR_REDIRECT] 
2025-10-04 11:52:38,193 [ERROR] LogOutputStream:75 - [STDERR_REDIRECT] [Fatal Error] :1:1: Premature end of file.
2025-10-04 11:52:38,193 [ERROR] LogOutputStream:75 - [STDERR_REDIRECT] 
2025-10-04 11:52:39,188 [ERROR] LogOutputStream:75 - [STDERR_REDIRECT] [Fatal Error] :1:1: Premature end of file.
2025-10-04 11:52:39,188 [ERROR] LogOutputStream:75 - [STDERR_REDIRECT] 
2025-10-04 11:52:40,183 [ERROR] LogOutputStream:75 - [STDERR_REDIRECT] [Fatal Error] :1:1: Premature end of file.
2025-10-04 11:52:40,183 [ERROR] LogOutputStream:75 - [STDERR_REDIRECT] 
2025-10-04 11:52:41,187 [ERROR] LogOutputStream:75 - [STDERR_REDIRECT] [Fatal Error] :1:1: Premature end of file.
2025-10-04 11:52:41,187 [ERROR] LogOutputStream:75 - [STDERR_REDIRECT] 
2025-10-04 11:52:42,194 [ERROR] LogOutputStream:75 - [STDERR_REDIRECT] [Fatal Error] :1:1: Premature end of file.
2025-10-04 11:52:42,194 [ERROR] LogOutputStream:75 - [STDERR_REDIRECT] 
2025-10-04 11:52:43,197 [ERROR] LogOutputStream:75 - [STDERR_REDIRECT] [Fatal Error] :1:1: Premature end of file.
2025-10-04 11:52:43,197 [ERROR] LogOutputStream:75 - [STDERR_REDIRECT] 
2025-10-04 11:52:44,190 [ERROR] LogOutputStream:75 - [STDERR_REDIRECT] [Fatal Error] :1:1: Premature end of file.
2025-10-04 11:52:44,190 [ERROR] LogOutputStream:75 - [STDERR_REDIRECT] 
2025-10-04 11:52:45,182 [ERROR] LogOutputStream:75 - [STDERR_REDIRECT] [Fatal Error] :1:1: Premature end of file.
2025-10-04 11:52:45,183 [ERROR] LogOutputStream:75 - [STDERR_REDIRECT] 
2025-10-04 11:52:46,192 [ERROR] LogOutputStream:75 - [STDERR_REDIRECT] [Fatal Error] :1:1: Premature end of file.
2025-10-04 11:52:46,193 [ERROR] LogOutputStream:75 - [STDERR_REDIRECT] 
2025-10-04 11:52:47,202 [ERROR] LogOutputStream:75 - [STDERR_REDIRECT] [Fatal Error] :1:1: Premature end of file.
2025-10-04 11:52:47,202 [ERROR] LogOutputStream:75 - [STDERR_REDIRECT] 
2025-10-04 11:52:48,193 [ERROR] LogOutputStream:75 - [STDERR_REDIRECT] [Fatal Error] :1:1: Premature end of file.
2025-10-04 11:52:48,193 [ERROR] LogOutputStream:75 - [STDERR_REDIRECT] 
2025-10-04 11:52:49,205 [ERROR] LogOutputStream:75 - [STDERR_REDIRECT] [Fatal Error] :1:1: Premature end of file.
2025-10-04 11:52:49,205 [ERROR] LogOutputStream:75 - [STDERR_REDIRECT] 
2025-10-04 11:52:50,186 [ERROR] LogOutputStream:75 - [STDERR_REDIRECT] [Fatal Error] :1:1: Premature end of file.
2025-10-04 11:52:50,186 [ERROR] LogOutputStream:75 - [STDERR_REDIRECT] 
2025-10-04 11:52:51,191 [ERROR] LogOutputStream:75 - [STDERR_REDIRECT] [Fatal Error] :1:1: Premature end of file.
2025-10-04 11:52:51,191 [ERROR] LogOutputStream:75 - [STDERR_REDIRECT] 
2025-10-04 11:52:52,196 [ERROR] LogOutputStream:75 - [STDERR_REDIRECT] [Fatal Error] :1:1: Premature end of file.
2025-10-04 11:52:52,196 [ERROR] LogOutputStream:75 - [STDERR_REDIRECT] 
2025-10-04 11:52:53,195 [ERROR] LogOutputStream:75 - [STDERR_REDIRECT] [Fatal Error] :1:1: Premature end of file.
2025-10-04 11:52:53,195 [ERROR] LogOutputStream:75 - [STDERR_REDIRECT] 
2025-10-04 11:52:54,196 [ERROR] LogOutputStream:75 - [STDERR_REDIRECT] [Fatal Error] :1:1: Premature end of file.
2025-10-04 11:52:54,196 [ERROR] LogOutputStream:75 - [STDERR_REDIRECT] 
2025-10-04 11:52:55,188 [ERROR] LogOutputStream:75 - [STDERR_REDIRECT] [Fatal Error] :1:1: Premature end of file.
2025-10-04 11:52:55,189 [ERROR] LogOutputStream:75 - [STDERR_REDIRECT] 
2025-10-04 11:52:56,187 [ERROR] LogOutputStream:75 - [STDERR_REDIRECT] [Fatal Error] :1:1: Premature end of file.
2025-10-04 11:52:56,187 [ERROR] LogOutputStream:75 - [STDERR_REDIRECT] 
2025-10-04 11:52:57,194 [ERROR] LogOutputStream:75 - [STDERR_REDIRECT] [Fatal Error] :1:1: Premature end of file.
2025-10-04 11:52:57,194 [ERROR] LogOutputStream:75 - [STDERR_REDIRECT] 
2025-10-04 11:52:58,196 [ERROR] LogOutputStream:75 - [STDERR_REDIRECT] [Fatal Error] :1:1: Premature end of file.
2025-10-04 11:52:58,196 [ERROR] LogOutputStream:75 - [STDERR_REDIRECT] 
2025-10-04 11:52:59,193 [ERROR] LogOutputStream:75 - [STDERR_REDIRECT] [Fatal Error] :1:1: Premature end of file.
2025-10-04 11:52:59,193 [ERROR] LogOutputStream:75 - [STDERR_REDIRECT] 
2025-10-04 11:53:00,190 [ERROR] LogOutputStream:75 - [STDERR_REDIRECT] [Fatal Error] :1:1: Premature end of file.
2025-10-04 11:53:00,190 [ERROR] LogOutputStream:75 - [STDERR_REDIRECT] 
2025-10-04 11:53:01,188 [ERROR] LogOutputStream:75 - [STDERR_REDIRECT] [Fatal Error] :1:1: Premature end of file.
2025-10-04 11:53:01,188 [ERROR] LogOutputStream:75 - [STDERR_REDIRECT] 
2025-10-04 11:53:02,182 [ERROR] LogOutputStream:75 - [STDERR_REDIRECT] [Fatal Error] :1:1: Premature end of file.
2025-10-04 11:53:02,182 [ERROR] LogOutputStream:75 - [STDERR_REDIRECT] 
2025-10-04 11:53:03,187 [ERROR] LogOutputStream:75 - [STDERR_REDIRECT] [Fatal Error] :1:1: Premature end of file.
2025-10-04 11:53:03,188 [ERROR] LogOutputStream:75 - [STDERR_REDIRECT] 
2025-10-04 11:53:04,196 [ERROR] LogOutputStream:75 - [STDERR_REDIRECT] [Fatal Error] :1:1: Premature end of file.
2025-10-04 11:53:04,196 [ERROR] LogOutputStream:75 - [STDERR_REDIRECT] 
2025-10-04 11:53:05,188 [ERROR] LogOutputStream:75 - [STDERR_REDIRECT] [Fatal Error] :1:1: Premature end of file.
2025-10-04 11:53:05,189 [ERROR] LogOutputStream:75 - [STDERR_REDIRECT] 
2025-10-04 11:53:06,194 [ERROR] LogOutputStream:75 - [STDERR_REDIRECT] [Fatal Error] :1:1: Premature end of file.
2025-10-04 11:53:06,194 [ERROR] LogOutputStream:75 - [STDERR_REDIRECT] 
2025-10-04 11:53:07,198 [ERROR] LogOutputStream:75 - [STDERR_REDIRECT] [Fatal Error] :1:1: Premature end of file.
2025-10-04 11:53:07,198 [ERROR] LogOutputStream:75 - [STDERR_REDIRECT] 
2025-10-04 11:53:08,187 [ERROR] LogOutputStream:75 - [STDERR_REDIRECT] [Fatal Error] :1:1: Premature end of file.
2025-10-04 11:53:08,187 [ERROR] LogOutputStream:75 - [STDERR_REDIRECT] 
2025-10-04 11:53:09,193 [ERROR] LogOutputStream:75 - [STDERR_REDIRECT] [Fatal Error] :1:1: Premature end of file.
2025-10-04 11:53:09,193 [ERROR] LogOutputStream:75 - [STDERR_REDIRECT] 
2025-10-04 11:53:10,187 [ERROR] LogOutputStream:75 - [STDERR_REDIRECT] [Fatal Error] :1:1: Premature end of file.
2025-10-04 11:53:10,187 [ERROR] LogOutputStream:75 - [STDERR_REDIRECT] 
2025-10-04 11:53:11,187 [ERROR] LogOutputStream:75 - [STDERR_REDIRECT] [Fatal Error] :1:1: Premature end of file.
2025-10-04 11:53:11,187 [ERROR] LogOutputStream:75 - [STDERR_REDIRECT] 
2025-10-04 11:53:12,190 [ERROR] LogOutputStream:75 - [STDERR_REDIRECT] [Fatal Error] :1:1: Premature end of file.
2025-10-04 11:53:12,190 [ERROR] LogOutputStream:75 - [STDERR_REDIRECT] 
2025-10-04 11:53:13,189 [ERROR] LogOutputStream:75 - [STDERR_REDIRECT] [Fatal Error] :1:1: Premature end of file.
2025-10-04 11:53:13,189 [ERROR] LogOutputStream:75 - [STDERR_REDIRECT] 
2025-10-04 11:53:14,206 [ERROR] LogOutputStream:75 - [STDERR_REDIRECT] [Fatal Error] :1:1: Premature end of file.
2025-10-04 11:53:14,206 [ERROR] LogOutputStream:75 - [STDERR_REDIRECT] 
2025-10-04 11:53:15,194 [ERROR] LogOutputStream:75 - [STDERR_REDIRECT] [Fatal Error] :1:1: Premature end of file.
2025-10-04 11:53:15,194 [ERROR] LogOutputStream:75 - [STDERR_REDIRECT] 
2025-10-04 11:53:16,183 [ERROR] LogOutputStream:75 - [STDERR_REDIRECT] [Fatal Error] :1:1: Premature end of file.
2025-10-04 11:53:16,183 [ERROR] LogOutputStream:75 - [STDERR_REDIRECT] 
2025-10-04 11:53:17,193 [ERROR] LogOutputStream:75 - [STDERR_REDIRECT] [Fatal Error] :1:1: Premature end of file.
2025-10-04 11:53:17,193 [ERROR] LogOutputStream:75 - [STDERR_REDIRECT] 
2025-10-04 11:53:18,191 [ERROR] LogOutputStream:75 - [STDERR_REDIRECT] [Fatal Error] :1:1: Premature end of file.
2025-10-04 11:53:18,191 [ERROR] LogOutputStream:75 - [STDERR_REDIRECT] 
2025-10-04 11:53:19,185 [ERROR] LogOutputStream:75 - [STDERR_REDIRECT] [Fatal Error] :1:1: Premature end of file.
2025-10-04 11:53:19,185 [ERROR] LogOutputStream:75 - [STDERR_REDIRECT] 
2025-10-04 11:53:20,186 [ERROR] LogOutputStream:75 - [STDERR_REDIRECT] [Fatal Error] :1:1: Premature end of file.
2025-10-04 11:53:20,186 [ERROR] LogOutputStream:75 - [STDERR_REDIRECT] 
2025-10-04 11:53:21,185 [ERROR] LogOutputStream:75 - [STDERR_REDIRECT] [Fatal Error] :1:1: Premature end of file.
2025-10-04 11:53:21,185 [ERROR] LogOutputStream:75 - [STDERR_REDIRECT] 
2025-10-04 11:53:22,189 [ERROR] LogOutputStream:75 - [STDERR_REDIRECT] [Fatal Error] :1:1: Premature end of file.
2025-10-04 11:53:22,189 [ERROR] LogOutputStream:75 - [STDERR_REDIRECT] 
2025-10-04 11:53:23,197 [ERROR] LogOutputStream:75 - [STDERR_REDIRECT] [Fatal Error] :1:1: Premature end of file.
2025-10-04 11:53:23,197 [ERROR] LogOutputStream:75 - [STDERR_REDIRECT] 
2025-10-04 11:53:24,189 [ERROR] LogOutputStream:75 - [STDERR_REDIRECT] [Fatal Error] :1:1: Premature end of file.
2025-10-04 11:53:24,189 [ERROR] LogOutputStream:75 - [STDERR_REDIRECT] 
2025-10-04 11:53:25,184 [ERROR] LogOutputStream:75 - [STDERR_REDIRECT] [Fatal Error] :1:1: Premature end of file.
2025-10-04 11:53:25,184 [ERROR] LogOutputStream:75 - [STDERR_REDIRECT] 
